car_age,km_driven,fuel_type,transmission,price
4.0,11003.0,Diesel,Manual,1231000
6.0,66936.0,Petrol,Manual,786000
2.0,27990.0,Diesel,Manual,1489000
1.0,5061.0,Petrol,Automatic,1227000
3.0,23480.0,Diesel,Manual,887000
3.0,44787.0,Petrol,Manual,796000
2.0,450.0,Petrol,Manual,813000
4.0,59866.0,Diesel,Automatic,728000
2.0,62567.0,Diesel,Automatic,2322000
5.0,58503.0,Petrol,Automatic,766000
6.0,58159.0,Petrol,Manual,471000
1.0,15568.0,Petrol,Manual,689000
1.0,6676.0,Petrol,Manual,536000
6.0,59085.0,Petrol,Manual,823000
6.0,52966.0,Petrol,Manual,310000
4.0,60592.0,Diesel,Manual,993000
10.0,71297.0,Petrol,Automatic,265000
2.0,15935.0,Petrol,Manual,699000
3.0,71040.0,Diesel,Manual,980000
1.0,2850.0,Petrol,Manual,710000
2.0,26999.0,Petrol,Automatic,1652000
1.0,12096.0,Petrol,Manual,590000
7.0,65434.0,Petrol,Automatic,787000
4.0,48995.0,Diesel,Manual,1060000
6.0,66584.0,Petrol,Manual,495000
4.0,24961.0,Petrol,Manual,878000
5.0,33972.0,Petrol,Manual,514000
2.0,22874.0,CNG,Manual,684000
5.0,109938.0,Petrol,Manual,584000
5.0,60452.0,Petrol,Manual,316000
8.0,32747.0,Petrol,Automatic,394000
2.0,34694.0,Diesel,Automatic,1654000
5.0,51244.0,Petrol,Manual,472000
1.0,6843.0,Petrol,Manual,636000
5.0,20751.0,Petrol,Automatic,806000
1.0,16393.0,Petrol,Automatic,668000
7.0,74671.0,Petrol,Automatic,832000
7.0,94020.0,Petrol,Manual,819000
3.0,25366.0,Diesel,Automatic,1400000
4.0,75502.0,CNG,Manual,432000
2.0,22894.0,Petrol,Manual,941000
4.0,42313.0,Petrol,Manual,456000
4.0,58047.0,Petrol,Manual,590000
6.0,76120.0,Petrol,Manual,721000
7.0,60964.0,Petrol,Manual,449000
1.0,17297.0,Petrol,Manual,574000
4.0,34646.0,Petrol,Manual,594000
6.0,45254.0,Petrol,Automatic,687000
2.0,24062.0,Petrol,Automatic,1041000
8.0,28221.0,Petrol,Manual,456000
2.0,43830.0,Petrol,Manual,1196000
8.0,21218.0,Petrol,Automatic,375000
4.0,62996.0,CNG,Manual,504000
2.0,40395.0,Petrol,Automatic,1152000
7.0,42752.0,Petrol,Automatic,567000
5.0,59733.0,Petrol,Manual,751000
7.0,92389.0,Petrol,Manual,607000
4.0,36125.0,Petrol,Manual,864000
4.0,26202.0,Petrol,Manual,825000
2.0,27653.0,Petrol,Manual,918000
8.0,61033.0,Petrol,Automatic,572000
1.0,7907.0,Petrol,Manual,898000
4.0,26793.0,Petrol,Manual,1135000
1.0,9083.0,Petrol,Automatic,1383000
6.0,50015.0,Petrol,Manual,371000
2.0,22517.0,Petrol,Manual,562000
7.0,100001.0,Petrol,Automatic,546000
1.0,14887.0,Petrol,Manual,638000
4.0,48004.0,Petrol,Manual,493000
12.0,52706.0,Petrol,Manual,330000
4.0,37628.0,Petrol,Manual,803000
6.0,23055.0,CNG,Manual,331000
1.0,14943.0,Petrol,Manual,445000
2.0,20338.0,Petrol,Manual,548000
0.0,3295.0,Petrol,Automatic,974000
4.0,19376.0,Petrol,Manual,474000
2.0,31760.0,Petrol,Manual,556000
3.0,37303.0,Petrol,Manual,1473000
2.0,25782.0,Petrol,Manual,657000
2.0,25523.0,Petrol,Manual,909000
2.0,19352.0,Petrol,Manual,1103000
3.0,28398.0,Petrol,Manual,1078000
7.0,22148.0,Petrol,Manual,467000
11.0,75331.0,Petrol,Manual,378000
4.0,52036.0,Petrol,Manual,573000
2.0,24626.0,Petrol,Manual,757000
5.0,86677.0,Diesel,Automatic,632000
2.0,18222.0,Petrol,Manual,614000
3.0,5404.0,Petrol,Manual,1251000
4.0,72471.0,Petrol,Manual,572000
7.0,47819.0,Petrol,Automatic,292000
6.0,40904.0,Petrol,Manual,471000
2.0,12708.0,Petrol,Manual,494000
2.0,36341.0,Petrol,Manual,551000
2.0,17745.0,Petrol,Manual,525000
3.0,30455.0,Petrol,Manual,522000
6.0,40398.0,Petrol,Manual,396000
7.0,60446.0,Petrol,Manual,350000
8.0,20709.0,Petrol,Manual,262000
7.0,78608.0,Petrol,Manual,578000
6.0,84695.0,Petrol,Manual,207000
6.0,56257.0,CNG,Manual,367000
6.0,27356.0,Petrol,Manual,569000
5.0,61329.0,Diesel,Manual,702000
4.0,46446.0,Diesel,Manual,734000
7.0,41308.0,Petrol,Automatic,285000
6.0,94259.0,Petrol,Manual,384000
8.0,79166.0,Petrol,Manual,382000
5.0,61839.0,Petrol,Manual,397000
4.0,46628.0,Petrol,Manual,522000
6.0,87192.0,CNG,Manual,374000
2.0,45834.0,Diesel,Manual,804000
2.0,18015.0,Petrol,Manual,528000
4.0,52276.0,Diesel,Manual,718000
6.0,87411.0,Petrol,Manual,442000
5.0,47484.0,Petrol,Manual,431000
3.0,19866.0,Petrol,Manual,765000
1.0,21607.0,Petrol,Manual,467000
9.0,62536.0,Petrol,Manual,311000
5.0,33306.0,Diesel,Manual,1286000
5.0,67168.0,Diesel,Automatic,1037000
5.0,27603.0,Diesel,Manual,670000
4.0,36323.0,Petrol,Manual,652000
6.0,43368.0,Petrol,Manual,1225000
5.0,51919.0,Diesel,Manual,815000
2.0,15994.0,Petrol,Manual,872000
8.0,72308.0,Petrol,Manual,523000
6.0,27051.0,Petrol,Manual,515000
6.0,35764.0,Petrol,Manual,421000
3.0,46375.0,Petrol,Manual,654000
5.0,90505.0,Petrol,Manual,980000
5.0,14172.0,Petrol,Automatic,1288000
4.0,27841.0,Petrol,Manual,581000
3.0,30203.0,Diesel,Manual,1546000
3.0,25742.0,Petrol,Manual,476000
9.0,91116.0,Petrol,Manual,320000
4.0,30274.0,Petrol,Manual,595000
3.0,30195.0,Petrol,Automatic,711000
2.0,51566.0,Petrol,Manual,1162000
2.0,4763.0,Petrol,Manual,981000
1.0,20051.0,Petrol,Manual,890000
5.0,68763.0,Petrol,Manual,534000
9.0,63079.0,Petrol,Manual,307000
2.0,15983.0,Petrol,Manual,852000
4.0,55790.0,Petrol,Manual,626000
3.0,38307.0,Petrol,Manual,1058000
2.0,18193.0,Petrol,Automatic,836000
5.0,57649.0,Petrol,Manual,729000
1.0,8376.0,Petrol,Automatic,816000
2.0,13196.0,Petrol,Manual,690000
12.0,54751.0,Petrol,Manual,407000
5.0,27695.0,Petrol,Manual,400000
7.0,102835.0,Petrol,Manual,608000
5.0,37864.0,Petrol,Manual,543000
7.0,42012.0,Petrol,Automatic,814000
11.0,31479.0,Petrol,Manual,316000
3.0,26456.0,Petrol,Manual,1221000
3.0,42381.0,Petrol,Manual,862000
5.0,13568.0,Petrol,Automatic,386000
2.0,21566.0,Petrol,Automatic,974000
5.0,85336.0,Petrol,Manual,1032000
9.0,35817.0,Petrol,Manual,377000
5.0,72781.0,Diesel,Manual,1114000
4.0,76041.0,Petrol,Manual,1065000
8.0,60440.0,Petrol,Manual,478000
5.0,45984.0,Diesel,Manual,1011000
6.0,53738.0,Diesel,Manual,968000
3.0,8945.0,Petrol,Manual,364000
4.0,68421.0,Diesel,Manual,811000
3.0,8119.0,Petrol,Manual,858000
5.0,8797.0,Petrol,Automatic,1338000
7.0,32348.0,Petrol,Manual,476000
7.0,115810.0,Petrol,Manual,583000
4.0,40924.0,Petrol,Manual,681000
8.0,33099.0,Petrol,Manual,473000
4.0,66590.0,Petrol,Automatic,1269000
4.0,80554.0,Petrol,Manual,968000
5.0,51955.0,Diesel,Automatic,1266000
8.0,61059.0,Petrol,Automatic,715000
1.0,24415.0,Petrol,Manual,969000
6.0,65268.0,Petrol,Manual,509000
12.0,34096.0,Petrol,Manual,256000
2.0,35230.0,Petrol,Manual,626000
5.0,55311.0,Petrol,Automatic,622000
4.0,61464.0,Petrol,Manual,1172000
5.0,32251.0,Petrol,Manual,1127000
2.0,27052.0,Petrol,Automatic,817000
2.0,22078.0,Petrol,Manual,958000
5.0,93467.0,Diesel,Manual,930000
6.0,21574.0,Petrol,Manual,630000
8.0,97698.0,Petrol,Manual,220000
3.0,31332.0,Petrol,Automatic,1318000
3.0,25411.0,Petrol,Automatic,1365000
5.0,69534.0,Petrol,Automatic,1045000
10.0,87564.0,Petrol,Manual,443000
4.0,35169.0,Petrol,Manual,923000
3.0,19115.0,CNG,Manual,610000
2.0,6753.0,Petrol,Automatic,1294000
5.0,59602.0,Petrol,Manual,563000
5.0,64349.0,Petrol,Manual,1053000
2.0,35483.0,Petrol,Manual,870000
6.0,87009.0,CNG,Manual,464000
3.0,36150.0,Petrol,Manual,314000
6.0,76942.0,CNG,Manual,512000
3.0,29125.0,Petrol,Automatic,829000
12.0,77380.0,Petrol,Manual,293000
7.0,102235.0,Petrol,Automatic,374000
4.0,14693.0,Petrol,Manual,1124000
3.0,50108.0,Petrol,Manual,929000
5.0,17333.0,Petrol,Manual,886000
9.0,102963.0,Petrol,Manual,569000
4.0,71807.0,Diesel,Manual,679000
4.0,53413.0,Petrol,Manual,505000
9.0,71287.0,Petrol,Manual,338000
11.0,77978.0,Petrol,Manual,314000
5.0,56200.0,Diesel,Manual,949000
3.0,11344.0,Petrol,Manual,574000
4.0,15673.0,Petrol,Automatic,746000
4.0,45704.0,Petrol,Automatic,403000
8.0,84938.0,CNG,Manual,681000
4.0,42349.0,Petrol,Automatic,1057000
6.0,30684.0,Petrol,Manual,231000
3.0,57060.0,Petrol,Automatic,808000
6.0,96717.0,Petrol,Manual,488000
7.0,96739.0,Petrol,Manual,374000
9.0,38116.0,Petrol,Manual,410000
4.0,25069.0,Petrol,Manual,570000
4.0,37438.0,Petrol,Manual,874000
5.0,49161.0,Petrol,Automatic,1316000
6.0,60364.0,Petrol,Manual,430000
7.0,81370.0,CNG,Manual,350000
6.0,97131.0,Petrol,Automatic,443000
3.0,30914.0,Petrol,Automatic,1340000
5.0,36660.0,Diesel,Automatic,1262000
7.0,55771.0,Petrol,Manual,403000
5.0,24009.0,Petrol,Automatic,1405000
4.0,62541.0,Diesel,Manual,826000
5.0,17536.0,Petrol,Manual,850000
2.0,21897.0,Petrol,Manual,824000
9.0,96142.0,Petrol,Manual,322000
3.0,38768.0,Petrol,Automatic,668000
3.0,32589.0,Petrol,Manual,349000
2.0,29811.0,Petrol,Manual,1024000
6.0,106608.0,Petrol,Automatic,679000
3.0,39415.0,Petrol,Manual,886000
3.0,30314.0,Petrol,Manual,592000
2.0,29045.0,Petrol,Automatic,1397000
3.0,15680.0,Petrol,Manual,304000
8.0,97885.0,Petrol,Manual,551000
2.0,13843.0,Petrol,Manual,553000
5.0,30616.0,Petrol,Manual,411000
5.0,36124.0,Petrol,Automatic,590000
1.0,13137.0,Petrol,Automatic,917000
2.0,27222.0,Diesel,Automatic,1765000
5.0,66068.0,Petrol,Manual,663000
7.0,110029.0,CNG,Manual,325000
9.0,65365.0,Petrol,Manual,355000
3.0,9171.0,Petrol,Manual,358000
5.0,61470.0,Petrol,Automatic,713000
2.0,24933.0,Petrol,Automatic,789000
4.0,61172.0,Petrol,Manual,541000
9.0,44993.0,Petrol,Manual,356000
11.0,61671.0,Petrol,Manual,282000
2.0,13124.0,Petrol,Automatic,967000
4.0,18852.0,CNG,Manual,516000
7.0,90034.0,CNG,Automatic,644000
5.0,59343.0,Diesel,Automatic,634000
9.0,41525.0,Petrol,Manual,349000
8.0,45368.0,Petrol,Manual,655000
10.0,58546.0,Petrol,Manual,404000
8.0,57121.0,CNG,Manual,396000
3.0,24927.0,Petrol,Manual,515000
5.0,39926.0,Petrol,Manual,829000
7.0,61039.0,Petrol,Manual,419000
5.0,59431.0,Petrol,Manual,1149000
2.0,36051.0,Petrol,Automatic,663000
8.0,52996.0,Petrol,Manual,410000
5.0,47849.0,CNG,Manual,537000
9.0,59365.0,Petrol,Manual,372000
2.0,19703.0,Diesel,Automatic,1053000
4.0,62083.0,Petrol,Manual,356000
4.0,15966.0,Petrol,Manual,392000
8.0,74240.0,Petrol,Manual,448000
2.0,42637.0,Petrol,Automatic,795000
4.0,50365.0,Petrol,Automatic,1246000
4.0,73158.0,Petrol,Manual,479000
10.0,78713.0,Petrol,Manual,347000
7.0,82375.0,Petrol,Manual,590000
7.0,23582.0,Petrol,Manual,438000
4.0,38544.0,Petrol,Manual,524000
5.0,49352.0,Petrol,Manual,413000
6.0,99535.0,Petrol,Manual,581000
2.0,26312.0,Petrol,Manual,446000
2.0,47217.0,CNG,Manual,795000
6.0,46850.0,Petrol,Automatic,575000
8.0,54148.0,Petrol,Manual,493000
9.0,39168.0,Petrol,Automatic,522000
5.0,66778.0,Petrol,Manual,340000
2.0,23502.0,Diesel,Manual,955000
7.0,67495.0,Petrol,Automatic,832000
8.0,19759.0,Petrol,Automatic,403000
9.0,91368.0,Petrol,Manual,497000
11.0,36536.0,Petrol,Manual,319000
3.0,42886.0,Petrol,Manual,672000
3.0,28209.0,Diesel,Manual,979000
5.0,19085.0,Petrol,Manual,459000
9.0,102445.0,Petrol,Manual,472000
12.0,51629.0,Petrol,Manual,266000
11.0,70322.0,Petrol,Manual,229000
6.0,48108.0,Petrol,Manual,803000
4.0,108051.0,Petrol,Manual,552000
4.0,56215.0,Petrol,Manual,551000
6.0,70008.0,Petrol,Manual,652000
10.0,85321.0,Petrol,Manual,353000
12.0,43425.0,Petrol,Manual,251000
7.0,40144.0,Petrol,Automatic,393000
7.0,54614.0,Petrol,Manual,346000
6.0,60152.0,CNG,Manual,476000
5.0,40838.0,Diesel,Manual,713000
7.0,47968.0,Petrol,Manual,408000
6.0,75742.0,Petrol,Manual,403000
11.0,108787.0,Petrol,Manual,374000
5.0,65533.0,Petrol,Manual,503000
4.0,43417.0,Petrol,Manual,828000
5.0,35337.0,Petrol,Manual,540000
7.0,68304.0,Petrol,Manual,486000
2.0,20770.0,Petrol,Manual,778000
4.0,17280.0,Petrol,Manual,678000
7.0,47472.0,Petrol,Manual,520000
5.0,30946.0,Petrol,Automatic,1056000
5.0,36879.0,Diesel,Automatic,1026000
8.0,68957.0,Petrol,Automatic,671000
10.0,69403.0,Petrol,Automatic,553000
13.0,88490.0,Petrol,Manual,262000
2.0,17035.0,Petrol,Manual,628000
8.0,77095.0,Petrol,Manual,700000
8.0,40875.0,Petrol,Manual,474000
3.0,28415.0,Petrol,Manual,638000
3.0,46101.0,Petrol,Manual,769000
10.0,36652.0,Petrol,Automatic,393000
5.0,41735.0,Petrol,Manual,719000
5.0,22779.0,Petrol,Automatic,643000
5.0,46648.0,Diesel,Manual,1099000
13.0,93282.0,Petrol,Manual,163000
4.0,67014.0,Petrol,Manual,489000
4.0,64311.0,CNG,Manual,412000
7.0,99180.0,CNG,Manual,406000
3.0,18252.0,Diesel,Manual,961000
8.0,56424.0,Petrol,Manual,609000
6.0,103772.0,Petrol,Manual,723000
3.0,29923.0,Petrol,Manual,606000
3.0,41436.0,Petrol,Manual,591000
2.0,7021.0,Petrol,Manual,629000
6.0,60193.0,Petrol,Manual,803000
3.0,29667.0,Petrol,Manual,508000
5.0,62309.0,Petrol,Manual,407000
5.0,58082.0,Petrol,Automatic,910000
9.0,29116.0,Petrol,Manual,363000
4.0,30782.0,Petrol,Manual,369000
7.0,95825.0,Petrol,Automatic,471000
7.0,59577.0,Petrol,Manual,416000
1.0,21044.0,Petrol,Automatic,741000
4.0,11812.0,Petrol,Manual,407000
5.0,78701.0,Diesel,Manual,705000
3.0,13421.0,Petrol,Manual,472000
10.0,57224.0,Petrol,Manual,332000
1.0,14050.0,Petrol,Manual,683000
5.0,55608.0,Diesel,Manual,860000
6.0,51690.0,Petrol,Manual,665000
3.0,20654.0,Petrol,Manual,603000
5.0,47323.0,Petrol,Automatic,1096000
6.0,35462.0,Petrol,Manual,535000
3.0,30058.0,Petrol,Manual,610000
3.0,28929.0,Petrol,Manual,525000
4.0,64038.0,Diesel,Automatic,862000
3.0,25705.0,Petrol,Manual,669000
6.0,35251.0,Petrol,Automatic,448000
5.0,21843.0,Diesel,Manual,692000
2.0,15612.0,Petrol,Manual,954000
10.0,33251.0,Petrol,Manual,389000
3.0,30541.0,CNG,Manual,631000
5.0,48969.0,Petrol,Manual,629000
7.0,43537.0,Petrol,Manual,647000
7.0,76048.0,Petrol,Automatic,828000
6.0,31802.0,Petrol,Manual,555000
2.0,13103.0,Petrol,Manual,568000
2.0,38261.0,CNG,Manual,616000
5.0,63194.0,Petrol,Manual,394000
3.0,66666.0,Diesel,Automatic,1492000
10.0,32631.0,Petrol,Manual,288000
2.0,33898.0,Petrol,Manual,651000
6.0,80107.0,CNG,Manual,394000
2.0,15362.0,Petrol,Manual,408000
10.0,64539.0,Petrol,Manual,236000
4.0,46001.0,Electric,Automatic,1100000
9.0,99453.0,Petrol,Manual,339000
10.0,47445.0,Petrol,Automatic,472000
5.0,30890.0,Petrol,Manual,582000
5.0,68275.0,Petrol,Automatic,892000
5.0,98296.0,Petrol,Manual,616000
13.0,89562.0,Petrol,Manual,230000
2.0,7168.0,Petrol,Manual,421000
5.0,34562.0,Petrol,Manual,364000
13.0,61297.0,Petrol,Manual,234000
4.0,62836.0,Petrol,Manual,763000
3.0,47603.0,Petrol,Manual,530000
9.0,119079.0,Petrol,Manual,427000
4.0,41307.0,Petrol,Automatic,477000
2.0,26583.0,Petrol,Manual,874000
3.0,19878.0,Petrol,Manual,574000
9.0,56050.0,Petrol,Manual,512000
5.0,34898.0,Petrol,Manual,474000
12.0,38005.0,Petrol,Manual,356000
2.0,21089.0,Petrol,Manual,613000
4.0,57541.0,Petrol,Automatic,1438000
4.0,12381.0,Petrol,Automatic,399000
4.0,38482.0,Petrol,Manual,602000
4.0,30057.0,Petrol,Manual,403000
9.0,89726.0,Petrol,Manual,523000
3.0,20120.0,Petrol,Manual,644000
9.0,96395.0,Petrol,Manual,327000
13.0,97272.0,Petrol,Manual,189000
8.0,58639.0,Petrol,Manual,459000
4.0,31279.0,Petrol,Manual,602000
9.0,99108.0,Petrol,Manual,322000
6.0,90833.0,CNG,Manual,462000
13.0,43796.0,Petrol,Manual,214000
2.0,26202.0,Petrol,Manual,1038000
9.0,66325.0,Petrol,Manual,312000
5.0,42625.0,Diesel,Manual,1055000
5.0,72340.0,Petrol,Automatic,877000
4.0,60937.0,Petrol,Manual,589000
4.0,35495.0,Petrol,Manual,659000
8.0,22581.0,Petrol,Manual,391000
8.0,30591.0,Petrol,Automatic,729000
7.0,47327.0,Petrol,Manual,502000
13.0,43560.0,Petrol,Manual,185000
4.0,18518.0,Petrol,Manual,408000
4.0,54209.0,Petrol,Manual,451000
1.0,12061.0,Petrol,Manual,1128000
7.0,41908.0,Petrol,Automatic,849000
4.0,49650.0,Petrol,Manual,860000
4.0,13341.0,Petrol,Automatic,664000
2.0,15517.0,Petrol,Manual,432000
13.0,48906.0,Petrol,Manual,222000
2.0,21688.0,Petrol,Manual,405000
8.0,97502.0,Petrol,Manual,396000
3.0,36520.0,Petrol,Automatic,888000
7.0,83038.0,Petrol,Manual,715000
2.0,22732.0,Petrol,Manual,1084000
7.0,43683.0,Petrol,Manual,337000
4.0,82433.0,Diesel,Automatic,1036000
7.0,84098.0,Petrol,Manual,444000
5.0,71456.0,Diesel,Manual,695000
2.0,22213.0,CNG,Manual,675000
7.0,50492.0,Petrol,Manual,400000
7.0,74436.0,Petrol,Automatic,817000
11.0,71347.0,Petrol,Manual,281000
4.0,29244.0,Petrol,Manual,543000
9.0,48941.0,Petrol,Manual,573000
5.0,68051.0,Diesel,Manual,703000
10.0,75833.0,Petrol,Automatic,369000
3.0,27739.0,Petrol,Automatic,1037000
8.0,84574.0,Petrol,Automatic,374000
5.0,75012.0,CNG,Manual,437000
8.0,91272.0,Petrol,Manual,606000
7.0,43600.0,Petrol,Automatic,473000
13.0,28823.0,Petrol,Manual,223000
11.0,78963.0,Petrol,Manual,252000
7.0,91712.0,Petrol,Automatic,596000
2.0,22666.0,Petrol,Automatic,574000
7.0,48832.0,Petrol,Automatic,605000
7.0,31714.0,Petrol,Manual,485000
8.0,65734.0,Petrol,Automatic,386000
7.0,93032.0,Petrol,Automatic,527000
7.0,29508.0,Petrol,Manual,511000
13.0,28799.0,Petrol,Manual,222000
2.0,19968.0,CNG,Manual,626000
5.0,80225.0,Petrol,Automatic,628000
7.0,29841.0,Petrol,Automatic,432000
4.0,52957.0,Petrol,Automatic,397000
2.0,12693.0,CNG,Manual,624000
4.0,39602.0,Petrol,Manual,344000
12.0,54388.0,Petrol,Manual,280000
6.0,76461.0,Petrol,Manual,687000
2.0,13045.0,Petrol,Automatic,1127000
6.0,54458.0,Petrol,Automatic,522000
5.0,31561.0,Petrol,Automatic,761000
3.0,33986.0,Petrol,Manual,644000
5.0,54342.0,Petrol,Automatic,921000
2.0,39086.0,CNG,Manual,747000
3.0,64687.0,Diesel,Manual,1548000
4.0,51871.0,Petrol,Manual,610000
6.0,70318.0,Petrol,Automatic,509000
4.0,20631.0,Petrol,Manual,531000
12.0,32697.0,Petrol,Manual,216000
9.0,69308.0,Petrol,Manual,416000
9.0,64427.0,Petrol,Automatic,324000
10.0,65948.0,Petrol,Manual,268000
10.0,50829.0,Petrol,Manual,497000
13.0,34169.0,Petrol,Manual,215000
13.0,83914.0,Petrol,Manual,212000
9.0,109884.0,Petrol,Manual,424000
4.0,35932.0,Petrol,Manual,408000
7.0,41900.0,Petrol,Automatic,396000
4.0,21527.0,Petrol,Automatic,418000
10.0,80495.0,Petrol,Automatic,360000
11.0,82502.0,Petrol,Manual,281000
13.0,82650.0,Petrol,Manual,209000
3.0,27180.0,Petrol,Automatic,466000
4.0,45972.0,Diesel,Manual,692000
11.0,103571.0,Petrol,Manual,257000
2.0,14842.0,Petrol,Manual,1002000
7.0,40326.0,Petrol,Automatic,522000
13.0,71630.0,Petrol,Manual,209000
9.0,95876.0,Petrol,Manual,328000
6.0,37067.0,Petrol,Automatic,608000
3.0,50568.0,Petrol,Manual,881000
13.0,41391.0,Petrol,Manual,181000
4.0,31607.0,Petrol,Manual,859000
5.0,19577.0,Petrol,Manual,926000
2.0,42490.0,Petrol,Manual,975000
4.0,64788.0,Diesel,Automatic,883000
8.0,92575.0,Petrol,Manual,517000
2.0,16405.0,Petrol,Manual,1060000
4.0,67693.0,CNG,Manual,504000
2.0,24887.0,Petrol,Manual,520000
6.0,119997.0,Petrol,Automatic,643000
9.0,75397.0,Petrol,Manual,406000
8.0,25133.0,Petrol,Automatic,424000
6.0,54534.0,Petrol,Automatic,412000
3.0,16848.0,Petrol,Automatic,1108000
4.0,24963.0,Petrol,Automatic,442000
9.0,80208.0,Petrol,Automatic,434000
7.0,58539.0,Petrol,Manual,420000
7.0,60227.0,Petrol,Manual,619000
2.0,15128.0,Petrol,Manual,616000
7.0,45515.0,Petrol,Manual,417000
9.0,94749.0,Petrol,Manual,325000
8.0,47575.0,Petrol,Automatic,429000
8.0,72615.0,Petrol,Manual,412000
7.0,60546.0,Petrol,Manual,386000
4.0,43141.0,Petrol,Manual,386000
6.0,94466.0,Petrol,Automatic,475000
13.0,47760.0,Petrol,Manual,223000
5.0,46705.0,Petrol,Manual,714000
9.0,60965.0,Petrol,Manual,551000
5.0,48044.0,Petrol,Manual,836000
3.0,29284.0,Petrol,Manual,939000
13.0,65182.0,Petrol,Manual,194000
5.0,53206.0,Diesel,Automatic,1202000
3.0,12532.0,Petrol,Manual,1011000
7.0,78186.0,Petrol,Manual,538000
7.0,36618.0,Petrol,Automatic,542000
2.0,37621.0,CNG,Manual,723000
9.0,94942.0,Petrol,Manual,470000
5.0,92478.0,Diesel,Manual,702000
13.0,75338.0,Petrol,Manual,164000
5.0,41726.0,Petrol,Manual,649000
13.0,55760.0,Petrol,Manual,178000
5.0,70849.0,CNG,Manual,514000
5.0,57073.0,Petrol,Manual,447000
5.0,43834.0,Petrol,Manual,577000
3.0,10551.0,Petrol,Manual,522000
1.0,8502.0,Petrol,Manual,994000
3.0,38659.0,Petrol,Automatic,1231000
2.0,28970.0,Petrol,Manual,825000
1.0,7048.0,Petrol,Manual,1176000
4.0,44365.0,Petrol,Manual,583000
9.0,76596.0,Petrol,Manual,397000
2.0,36166.0,Diesel,Manual,1034000
4.0,67143.0,Petrol,Manual,994000
11.0,59572.0,Petrol,Manual,197000
1.0,10423.0,Electric,Automatic,875000
3.0,11486.0,Petrol,Automatic,616000
9.0,45419.0,Petrol,Manual,459000
2.0,10797.0,Petrol,Manual,919000
2.0,10819.0,Petrol,Manual,708000
5.0,36398.0,Diesel,Manual,1357000
9.0,66783.0,Petrol,Manual,428000
5.0,45323.0,Diesel,Manual,994000
3.0,19467.0,Petrol,Automatic,1334000
11.0,107855.0,Petrol,Manual,249000
2.0,20858.0,Diesel,Automatic,1715000
5.0,56996.0,Petrol,Manual,581000
9.0,44303.0,Petrol,Automatic,380000
6.0,41163.0,Petrol,Manual,382000
6.0,49616.0,Petrol,Automatic,553000
4.0,27579.0,Petrol,Automatic,670000
2.0,2116.0,Petrol,Manual,406000
5.0,54392.0,Petrol,Manual,562000
9.0,51152.0,Petrol,Manual,477000
4.0,30892.0,Petrol,Manual,608000
7.0,43944.0,Petrol,Manual,335000
2.0,36809.0,Petrol,Manual,652000
2.0,34248.0,Diesel,Automatic,1089000
10.0,88848.0,Petrol,Manual,269000
10.0,54137.0,Petrol,Manual,362000
4.0,25672.0,Diesel,Manual,938000
8.0,49442.0,Petrol,Manual,234000
2.0,30719.0,Petrol,Manual,831000
7.0,88225.0,CNG,Manual,407000
5.0,47525.0,Diesel,Automatic,1119000
10.0,57918.0,Petrol,Manual,251000
5.0,47915.0,Petrol,Automatic,627000
7.0,49080.0,Petrol,Automatic,322000
3.0,39272.0,Petrol,Automatic,710000
7.0,52658.0,Petrol,Automatic,477000
8.0,68891.0,Petrol,Automatic,360000
6.0,44929.0,Petrol,Manual,513000
4.0,65103.0,CNG,Manual,494000
10.0,89712.0,Petrol,Manual,297000
3.0,43545.0,Petrol,Automatic,912000
13.0,71433.0,Petrol,Manual,232000
4.0,58514.0,Petrol,Manual,626000
9.0,115667.0,Petrol,Manual,368000
5.0,29453.0,Petrol,Manual,519000
4.0,39841.0,Petrol,Manual,342000
3.0,24365.0,Petrol,Automatic,679000
11.0,44757.0,Petrol,Manual,209000
9.0,77885.0,CNG,Manual,565000
6.0,42726.0,Petrol,Automatic,435000
5.0,37520.0,Petrol,Manual,630000
2.0,56728.0,Electric,Automatic,1350000
10.0,102506.0,Petrol,Automatic,291000
2.0,17046.0,Petrol,Manual,1441000
8.0,84053.0,Petrol,Manual,434000
8.0,69725.0,Petrol,Manual,684000
2.0,17709.0,CNG,Manual,750000
5.0,29529.0,Diesel,Automatic,1249000
6.0,45255.0,Petrol,Manual,225000
5.0,32118.0,Petrol,Manual,662000
8.0,79338.0,Petrol,Manual,325000
10.0,58114.0,Petrol,Manual,290000
4.0,39683.0,Petrol,Manual,485000
4.0,79567.0,Diesel,Manual,820000
6.0,103921.0,CNG,Manual,438000
2.0,39906.0,Diesel,Automatic,1608000
3.0,14126.0,Petrol,Manual,553000
10.0,53493.0,Petrol,Manual,262000
3.0,38816.0,Petrol,Manual,1503000
2.0,25009.0,Petrol,Manual,657000
4.0,48230.0,Petrol,Automatic,1414000
3.0,35315.0,Diesel,Manual,860000
3.0,68721.0,Diesel,Manual,1480000
6.0,73050.0,CNG,Manual,492000
8.0,50176.0,Petrol,Manual,390000
6.0,65780.0,CNG,Manual,351000
7.0,87228.0,Petrol,Manual,739000
9.0,43805.0,Petrol,Manual,372000
3.0,29279.0,Petrol,Automatic,647000
6.0,55884.0,Petrol,Automatic,616000
5.0,69807.0,Petrol,Manual,447000
2.0,44548.0,Diesel,Manual,1340000
10.0,81616.0,CNG,Manual,280000
6.0,68182.0,Petrol,Manual,272000
2.0,29231.0,Petrol,Automatic,1055000
6.0,57568.0,Petrol,Manual,432000
5.0,43305.0,Petrol,Manual,553000
7.0,56687.0,Petrol,Automatic,279000
8.0,27368.0,Petrol,Manual,337000
2.0,32677.0,CNG,Manual,727000
7.0,70725.0,Petrol,Manual,613000
3.0,13153.0,Petrol,Automatic,1491000
5.0,58524.0,Petrol,Manual,504000
4.0,82142.0,Petrol,Manual,730000
10.0,83724.0,CNG,Manual,362000
11.0,19147.0,Petrol,Manual,247000
5.0,63126.0,CNG,Manual,474000
9.0,71476.0,CNG,Manual,443000
2.0,40949.0,CNG,Manual,721000
7.0,98904.0,Petrol,Manual,273000
1.0,40647.0,Electric,Automatic,1411000
11.0,79269.0,Petrol,Manual,335000
7.0,52817.0,Petrol,Manual,537000
9.0,101695.0,Petrol,Manual,429000
6.0,76745.0,Petrol,Manual,590000
4.0,31302.0,Petrol,Automatic,436000
5.0,23115.0,Petrol,Automatic,607000
2.0,29134.0,Petrol,Manual,1222000
8.0,89112.0,Petrol,Automatic,475000
2.0,20115.0,Petrol,Automatic,625000
2.0,26005.0,Diesel,Automatic,1593000
6.0,35709.0,Petrol,Manual,721000
3.0,70310.0,Diesel,Manual,831000
6.0,73844.0,Petrol,Manual,537000
9.0,54932.0,Petrol,Manual,455000
7.0,45651.0,Petrol,Manual,424000
7.0,73180.0,Petrol,Manual,387000
3.0,52266.0,Petrol,Manual,584000
3.0,44186.0,Petrol,Manual,709000
8.0,71930.0,CNG,Manual,570000
1.0,7540.0,Petrol,Manual,466000
1.0,28162.0,CNG,Manual,614000
5.0,79639.0,Petrol,Manual,694000
6.0,36153.0,Petrol,Manual,548000
1.0,30857.0,Petrol,Automatic,2004000
3.0,24617.0,Diesel,Manual,873000
2.0,44610.0,Diesel,Automatic,1655000
12.0,86119.0,Petrol,Manual,184000
1.0,6428.0,Diesel,Manual,1400000
10.0,43937.0,Petrol,Manual,218000
2.0,9308.0,Petrol,Automatic,1144000
7.0,31841.0,Petrol,Manual,771000
5.0,49976.0,Petrol,Automatic,660000
11.0,77451.0,Petrol,Manual,387000
7.0,53041.0,Petrol,Manual,701000
10.0,73079.0,Petrol,Manual,372000
2.0,21296.0,Petrol,Manual,2051000
9.0,27779.0,Petrol,Manual,367000
5.0,74910.0,Petrol,Manual,692000
5.0,72742.0,Petrol,Manual,462000
3.0,62380.0,Diesel,Automatic,1864000
3.0,30141.0,Petrol,Automatic,786000
6.0,107311.0,Petrol,Automatic,614000
2.0,21397.0,CNG,Manual,427000
2.0,57845.0,Diesel,Manual,935000
7.0,97913.0,Petrol,Manual,676000
8.0,44902.0,Petrol,Automatic,289000
5.0,42870.0,Petrol,Manual,498000
6.0,33476.0,Diesel,Manual,752000
11.0,84818.0,Petrol,Manual,471000
9.0,94510.0,Diesel,Manual,574000
8.0,71617.0,Petrol,Manual,625000
7.0,71918.0,Diesel,Manual,749000
8.0,65574.0,Petrol,Manual,318000
6.0,40683.0,Petrol,Automatic,504000
2.0,23050.0,Petrol,Manual,754000
10.0,35024.0,Diesel,Manual,520000
1.0,11330.0,Petrol,Automatic,2487000
4.0,11336.0,Petrol,Manual,735000
4.0,24745.0,Petrol,Automatic,483000
1.0,11796.0,Petrol,Automatic,1445000
9.0,31672.0,Petrol,Manual,414000
6.0,26623.0,Petrol,Manual,483000
5.0,56397.0,Petrol,Automatic,483000
14.0,62220.0,Petrol,Manual,271000
7.0,46878.0,Petrol,Automatic,357000
8.0,21014.0,Petrol,Automatic,431000
9.0,69696.0,Petrol,Manual,418000
8.0,43248.0,Petrol,Manual,658000
1.0,14929.0,Petrol,Manual,897000
3.0,54387.0,Petrol,Manual,590000
5.0,40508.0,Diesel,Manual,1120000
11.0,97083.0,Petrol,Manual,350000
2.0,16535.0,Petrol,Manual,866000
10.0,32533.0,Petrol,Manual,480000
6.0,63632.0,Diesel,Automatic,692000
2.0,49190.0,Diesel,Manual,1687000
4.0,94361.0,Diesel,Automatic,1020000
4.0,27782.0,Petrol,Automatic,483000
7.0,38004.0,Petrol,Manual,452000
8.0,57333.0,Petrol,Manual,619000
8.0,69384.0,Diesel,Manual,730000
3.0,30962.0,Petrol,Automatic,863000
3.0,37624.0,Petrol,Manual,706000
1.0,19575.0,Petrol,Manual,692000
9.0,106215.0,Diesel,Automatic,835000
1.0,9152.0,Petrol,Manual,541000
4.0,45096.0,Petrol,Automatic,997000
4.0,13530.0,Petrol,Automatic,1513000
5.0,50441.0,Petrol,Manual,565000
3.0,36554.0,Petrol,Automatic,690000
4.0,98650.0,Petrol,Manual,740000
3.0,30322.0,Petrol,Automatic,1041000
9.0,73390.0,Petrol,Manual,418000
6.0,44778.0,Petrol,Manual,456000
3.0,31090.0,Petrol,Automatic,688000
6.0,58535.0,Petrol,Manual,641000
4.0,36244.0,Petrol,Automatic,1069000
8.0,69273.0,Petrol,Manual,826000
7.0,80229.0,Petrol,Automatic,624000
6.0,39413.0,Petrol,Manual,329000
3.0,20686.0,Petrol,Manual,489000
8.0,88166.0,Petrol,Automatic,655000
10.0,70724.0,Petrol,Manual,465000
5.0,31510.0,Petrol,Automatic,521000
6.0,36228.0,Petrol,Automatic,764000
6.0,92528.0,Petrol,Manual,456000
2.0,18659.0,Petrol,Automatic,1269000
8.0,68284.0,Petrol,Manual,554000
4.0,35911.0,Petrol,Manual,712000
4.0,51041.0,Diesel,Manual,1152000
5.0,65145.0,Petrol,Manual,551000
2.0,32533.0,Petrol,Automatic,1665000
10.0,67606.0,Petrol,Manual,412000
7.0,44109.0,Petrol,Automatic,482000
10.0,48379.0,Petrol,Manual,311000
4.0,44980.0,Petrol,Automatic,947000
5.0,59737.0,Petrol,Automatic,766000
1.0,1768.0,Petrol,Manual,561000
6.0,30948.0,Petrol,Manual,743000
6.0,15854.0,Petrol,Manual,568000
1.0,5654.0,Petrol,Manual,550000
5.0,52061.0,Diesel,Manual,1001000
11.0,96413.0,Diesel,Manual,383000
4.0,36650.0,Petrol,Manual,435000
2.0,45037.0,Petrol,Automatic,882000
3.0,41535.0,Petrol,Manual,469000
8.0,51829.0,Diesel,Manual,765000
5.0,35153.0,Petrol,Manual,392000
2.0,32613.0,Diesel,Automatic,1816000
7.0,33582.0,Petrol,Manual,360000
9.0,33709.0,Petrol,Automatic,416000
5.0,23998.0,Petrol,Automatic,502000
2.0,35746.0,Petrol,Manual,1160000
5.0,43922.0,Petrol,Automatic,865000
3.0,15159.0,Petrol,Manual,483000
6.0,19178.0,Petrol,Automatic,413000
9.0,31281.0,Petrol,Manual,489000
7.0,39601.0,Petrol,Automatic,585000
8.0,38730.0,Diesel,Manual,603000
7.0,54225.0,Petrol,Manual,661000
11.0,46332.0,Diesel,Manual,506000
6.0,50840.0,Petrol,Automatic,597000
9.0,70593.0,Petrol,Automatic,420000
1.0,2280.0,Petrol,Automatic,773000
6.0,57341.0,Petrol,Automatic,591000
6.0,90747.0,Petrol,Manual,306000
3.0,10015.0,Petrol,Automatic,487000
8.0,51836.0,Petrol,Manual,421000
7.0,42019.0,Petrol,Automatic,889000
3.0,14852.0,Petrol,Manual,594000
2.0,12885.0,Petrol,Automatic,1042000
7.0,42178.0,Petrol,Manual,443000
10.0,83897.0,Diesel,Manual,292000
3.0,31073.0,Petrol,Manual,564000
3.0,26949.0,Petrol,Automatic,1269000
11.0,85861.0,Petrol,Manual,407000
8.0,83635.0,Petrol,Automatic,531000
2.0,9778.0,Petrol,Automatic,610000
5.0,45905.0,Petrol,Manual,675000
3.0,30989.0,Diesel,Manual,908000
3.0,3779.0,Petrol,Manual,484000
7.0,67549.0,Petrol,Manual,660000
6.0,65464.0,Petrol,Manual,511000
2.0,48331.0,Petrol,Manual,720000
1.0,20237.0,Petrol,Manual,752000
12.0,52538.0,Petrol,Manual,401000
13.0,68165.0,Petrol,Manual,347000
6.0,35107.0,Petrol,Manual,495000
9.0,75492.0,Diesel,Manual,884000
9.0,95738.0,Petrol,Manual,485000
6.0,32982.0,Petrol,Manual,846000
8.0,67884.0,Petrol,Automatic,680000
6.0,91581.0,Petrol,Manual,648000
2.0,16120.0,Petrol,Manual,504000
10.0,64243.0,Petrol,Manual,279000
2.0,18748.0,Petrol,Automatic,1742000
7.0,55810.0,Petrol,Automatic,364000
2.0,38428.0,Petrol,Manual,845000
9.0,25381.0,Petrol,Manual,639000
8.0,39182.0,Petrol,Manual,385000
3.0,52188.0,Petrol,Automatic,1365000
7.0,89552.0,Petrol,Automatic,327000
2.0,29126.0,Petrol,Automatic,1167000
2.0,20634.0,Petrol,Automatic,1777000
6.0,45146.0,Petrol,Manual,291000
7.0,46533.0,Petrol,Manual,672000
13.0,89388.0,Petrol,Manual,249000
3.0,22245.0,Petrol,Manual,555000
2.0,9802.0,Petrol,Manual,905000
2.0,27509.0,Diesel,Automatic,1760000
10.0,73789.0,Petrol,Manual,365000
8.0,44499.0,Petrol,Manual,509000
8.0,46246.0,Petrol,Manual,448000
5.0,55227.0,Petrol,Manual,863000
11.0,93871.0,Diesel,Manual,375000
6.0,42905.0,Petrol,Automatic,1309000
14.0,103867.0,Petrol,Manual,191000
10.0,92758.0,Petrol,Manual,571000
2.0,28788.0,Petrol,Manual,563000
5.0,54515.0,Diesel,Automatic,675000
2.0,16247.0,CNG,Manual,749000
11.0,67426.0,Petrol,Manual,468000
2.0,31707.0,Petrol,Automatic,842000
11.0,63505.0,Petrol,Automatic,337000
4.0,32794.0,Petrol,Automatic,1469000
5.0,17107.0,Petrol,Automatic,490000
1.0,3951.0,Petrol,Automatic,648000
4.0,67069.0,Petrol,Manual,800000
8.0,74061.0,Petrol,Manual,521000
7.0,57506.0,Petrol,Automatic,559000
7.0,55852.0,Petrol,Manual,801000
4.0,38807.0,Petrol,Automatic,721000
3.0,54460.0,Petrol,Automatic,1364000
4.0,17546.0,Petrol,Automatic,454000
2.0,21176.0,Diesel,Manual,1089000
10.0,121920.0,Diesel,Manual,430000
5.0,67575.0,Petrol,Automatic,707000
9.0,109185.0,Petrol,Manual,564000
2.0,15979.0,Petrol,Manual,1425000
3.0,28290.0,Petrol,Automatic,774000
8.0,69995.0,Petrol,Manual,536000
8.0,92236.0,Petrol,Automatic,725000
10.0,93107.0,Petrol,Automatic,379000
5.0,52244.0,Petrol,Automatic,788000
9.0,63916.0,Diesel,Manual,565000
10.0,89284.0,Diesel,Manual,572000
5.0,27215.0,Petrol,Automatic,492000
5.0,42403.0,Petrol,Manual,815000
6.0,60087.0,Petrol,Manual,781000
8.0,62524.0,Petrol,Automatic,593000
7.0,52427.0,Petrol,Manual,867000
4.0,54623.0,Petrol,Manual,837000
12.0,62951.0,Petrol,Manual,399000
7.0,70817.0,Petrol,Manual,329000
7.0,65943.0,Petrol,Manual,573000
8.0,91544.0,Diesel,Manual,709000
6.0,54716.0,Petrol,Automatic,290000
8.0,58014.0,Diesel,Manual,826000
4.0,50421.0,Petrol,Automatic,932000
7.0,93542.0,Petrol,Automatic,796000
4.0,60943.0,Diesel,Manual,1288000
6.0,26635.0,Petrol,Manual,1215000
13.0,65841.0,Petrol,Manual,297000
3.0,31138.0,Petrol,Automatic,1698000
6.0,44659.0,Petrol,Manual,808000
9.0,49078.0,Petrol,Manual,332000
5.0,22419.0,Petrol,Manual,649000
6.0,63398.0,Diesel,Manual,1281000
3.0,38566.0,Petrol,Manual,1415000
4.0,14274.0,Petrol,Automatic,699000
7.0,56427.0,Petrol,Manual,455000
6.0,85766.0,Petrol,Manual,739000
8.0,75940.0,Petrol,Manual,596000
12.0,84002.0,Diesel,Manual,387000
4.0,28806.0,Petrol,Manual,812000
10.0,72810.0,Petrol,Manual,409000
5.0,33811.0,Petrol,Manual,483000
5.0,65568.0,Petrol,Automatic,670000
7.0,32067.0,Diesel,Manual,769000
7.0,82689.0,Petrol,Manual,596000
5.0,59228.0,Petrol,Manual,688000
6.0,117994.0,Diesel,Manual,697000
4.0,16537.0,Petrol,Automatic,396000
10.0,57769.0,Petrol,Manual,462000
4.0,52562.0,Diesel,Automatic,1147000
5.0,21759.0,Petrol,Manual,708000
5.0,36932.0,Petrol,Manual,701000
8.0,53924.0,Petrol,Manual,386000
1.0,2370.0,Petrol,Automatic,769000
8.0,66695.0,Petrol,Automatic,591000
4.0,45321.0,Petrol,Manual,859000
10.0,73554.0,Petrol,Manual,554000
4.0,39924.0,Petrol,Manual,686000
6.0,63473.0,Diesel,Manual,1239000
2.0,15703.0,Petrol,Automatic,1331000
5.0,46836.0,Petrol,Manual,367000
7.0,77413.0,Diesel,Automatic,660000
3.0,40034.0,Petrol,Manual,508000
9.0,48627.0,Petrol,Automatic,541000
1.0,1994.0,Petrol,Manual,552000
6.0,43237.0,Petrol,Manual,514000
6.0,36331.0,Petrol,Manual,767000
5.0,45958.0,Petrol,Manual,686000
3.0,17310.0,Petrol,Automatic,1339000
13.0,86282.0,Petrol,Manual,322000
7.0,45003.0,Petrol,Manual,504000
4.0,22995.0,Petrol,Manual,863000
4.0,18336.0,Petrol,Automatic,495000
2.0,22691.0,Diesel,Manual,1071000
4.0,68859.0,Diesel,Automatic,1633000
2.0,15681.0,Diesel,Automatic,2173000
6.0,63671.0,Diesel,Automatic,872000
6.0,33048.0,Petrol,Manual,360000
3.0,53454.0,Petrol,Manual,638000
1.0,15940.0,Petrol,Manual,1825000
8.0,113873.0,Diesel,Automatic,900000
6.0,80292.0,Diesel,Manual,1067000
13.0,43583.0,Petrol,Manual,255000
6.0,80245.0,Diesel,Manual,701000
5.0,18462.0,Petrol,Automatic,650000
4.0,60741.0,Petrol,Manual,756000
7.0,32241.0,Petrol,Manual,710000
5.0,58130.0,Petrol,Automatic,1055000
6.0,48905.0,Petrol,Manual,370000
3.0,38819.0,Petrol,Automatic,1067000
5.0,47130.0,Petrol,Automatic,746000
7.0,47695.0,Petrol,Automatic,711000
6.0,80713.0,Diesel,Manual,1348000
1.0,2896.0,Petrol,Manual,659000
8.0,70027.0,Diesel,Manual,880000
8.0,27480.0,Petrol,Manual,518000
1.0,7511.0,Petrol,Automatic,927000
12.0,23960.0,Petrol,Manual,460000
3.0,50295.0,Petrol,Automatic,987000
7.0,58359.0,Petrol,Automatic,735000
8.0,36174.0,Petrol,Manual,663000
5.0,64736.0,Petrol,Manual,352000
12.0,32864.0,Petrol,Manual,343000
5.0,33869.0,Petrol,Automatic,1032000
5.0,43454.0,Petrol,Manual,467000
5.0,43518.0,Petrol,Automatic,1067000
8.0,93059.0,Petrol,Manual,583000
5.0,24330.0,Petrol,Manual,456000
1.0,14518.0,Petrol,Manual,895000
4.0,45019.0,Petrol,Manual,693000
1.0,16638.0,Petrol,Automatic,1831000
5.0,66264.0,Petrol,Manual,256000
6.0,29977.0,Petrol,Automatic,940000
7.0,55339.0,Petrol,Manual,578000
5.0,30598.0,Petrol,Automatic,510000
8.0,78922.0,Diesel,Manual,691000
8.0,73832.0,Petrol,Manual,427000
7.0,30005.0,Petrol,Automatic,409000
6.0,81415.0,Petrol,Automatic,850000
7.0,35474.0,Petrol,Automatic,491000
7.0,124446.0,Petrol,Automatic,726000
7.0,79589.0,Petrol,Automatic,617000
10.0,73399.0,Diesel,Manual,550000
5.0,58029.0,Petrol,Manual,662000
12.0,113536.0,Diesel,Manual,559000
3.0,7931.0,Petrol,Automatic,942000
5.0,73607.0,Petrol,Manual,681000
10.0,56168.0,Petrol,Manual,516000
3.0,21027.0,Petrol,Automatic,1766000
5.0,32479.0,Petrol,Automatic,986000
2.0,18623.0,Diesel,Automatic,1383000
2.0,20282.0,Petrol,Automatic,1754000
5.0,60704.0,Petrol,Manual,1026000
7.0,68331.0,Petrol,Automatic,523000
6.0,55600.0,Petrol,Manual,784000
3.0,26104.0,Petrol,Manual,436000
2.0,9393.0,Petrol,Automatic,755000
1.0,5090.0,Petrol,Automatic,754000
12.0,102029.0,Diesel,Manual,388000
4.0,62299.0,Petrol,Manual,737000
4.0,27603.0,Petrol,Manual,640000
6.0,45811.0,Petrol,Manual,707000
12.0,37095.0,Petrol,Manual,245000
6.0,95626.0,Petrol,Automatic,428000
5.0,70228.0,Petrol,Manual,559000
3.0,26797.0,Petrol,Manual,1008000
8.0,87764.0,Petrol,Manual,326000
6.0,57190.0,Petrol,Automatic,556000
8.0,76454.0,Diesel,Manual,582000
6.0,43407.0,Petrol,Automatic,474000
3.0,31209.0,Petrol,Manual,481000
2.0,9477.0,Petrol,Manual,1211000
6.0,35098.0,Petrol,Manual,293000
12.0,123224.0,Diesel,Manual,375000
5.0,60467.0,Petrol,Automatic,1327000
5.0,37657.0,Petrol,Automatic,1159000
8.0,93290.0,Diesel,Automatic,904000
8.0,96520.0,Petrol,Automatic,545000
4.0,43394.0,Petrol,Manual,781000
6.0,44868.0,Petrol,Automatic,560000
3.0,16920.0,Petrol,Manual,928000
3.0,32889.0,Petrol,Manual,455000
7.0,113666.0,Petrol,Automatic,420000
5.0,33609.0,Petrol,Manual,417000
4.0,87693.0,Petrol,Manual,422000
4.0,39739.0,Petrol,Manual,349000
7.0,48581.0,Petrol,Manual,301000
3.0,41729.0,Petrol,Manual,463000
1.0,6675.0,Petrol,Automatic,568000
2.0,15617.0,Petrol,Automatic,1138000
3.0,13989.0,Petrol,Manual,1569000
2.0,19749.0,Petrol,Automatic,1231000
8.0,23912.0,Petrol,Automatic,416000
4.0,41750.0,Petrol,Automatic,1090000
7.0,32591.0,Petrol,Manual,245000
3.0,8254.0,Petrol,Manual,588000
6.0,59863.0,Petrol,Automatic,682000
5.0,51652.0,Petrol,Automatic,1131000
3.0,45807.0,Petrol,Automatic,648000
5.0,55677.0,Petrol,Manual,480000
8.0,54782.0,Petrol,Manual,551000
12.0,75384.0,Petrol,Manual,290000
7.0,57291.0,Petrol,Automatic,600000
3.0,20405.0,Petrol,Automatic,646000
1.0,7402.0,Petrol,Automatic,750000
3.0,30378.0,Petrol,Automatic,1570000
10.0,80944.0,Diesel,Manual,556000
12.0,71079.0,Petrol,Manual,280000
7.0,37652.0,Petrol,Automatic,667000
5.0,47148.0,Diesel,Automatic,875000
6.0,19161.0,Petrol,Automatic,703000
8.0,48665.0,Petrol,Manual,830000
10.0,97619.0,Petrol,Manual,254000
9.0,93513.0,Petrol,Manual,392000
12.0,97699.0,Petrol,Manual,388000
11.0,46661.0,Petrol,Manual,255000
7.0,67614.0,Petrol,Manual,674000
8.0,42552.0,Petrol,Manual,464000
6.0,86555.0,Petrol,Manual,597000
8.0,19613.0,Petrol,Manual,332000
6.0,42483.0,Petrol,Manual,683000
2.0,19669.0,Petrol,Manual,1165000
5.0,75395.0,Diesel,Manual,1142000
8.0,77365.0,Petrol,Manual,391000
13.0,74886.0,Petrol,Manual,232000
9.0,40348.0,Petrol,Manual,483000
7.0,39311.0,Petrol,Automatic,855000
3.0,6528.0,Petrol,Manual,1122000
6.0,93813.0,Petrol,Manual,426000
5.0,28533.0,Petrol,Automatic,690000
3.0,28606.0,Petrol,Automatic,1087000
11.0,59700.0,Petrol,Manual,414000
2.0,40953.0,Petrol,Manual,1476000
8.0,94859.0,Petrol,Automatic,854000
7.0,51852.0,Petrol,Manual,633000
2.0,15431.0,Diesel,Manual,2016000
3.0,23972.0,Petrol,Manual,554000
5.0,20725.0,Petrol,Manual,442000
13.0,96506.0,Petrol,Manual,351000
2.0,19430.0,Petrol,Automatic,532000
7.0,46108.0,Petrol,Automatic,520000
2.0,14039.0,Petrol,Manual,1158000
8.0,86715.0,Diesel,Manual,666000
1.0,11045.0,Petrol,Automatic,1323000
13.0,64003.0,Petrol,Manual,361000
5.0,23569.0,Petrol,Manual,387000
6.0,92759.0,Petrol,Manual,495000
8.0,89371.0,Petrol,Manual,803000
7.0,60774.0,Diesel,Automatic,802000
6.0,42955.0,Petrol,Manual,276000
1.0,10235.0,Petrol,Manual,1266000
4.0,38575.0,Petrol,Automatic,986000
8.0,93065.0,Petrol,Automatic,439000
2.0,11001.0,Petrol,Automatic,1111000
8.0,35390.0,Petrol,Automatic,653000
3.0,19430.0,Petrol,Manual,961000
2.0,24567.0,Petrol,Automatic,831000
7.0,80561.0,Petrol,Automatic,873000
9.0,36318.0,Petrol,Manual,458000
11.0,66228.0,Petrol,Manual,404000
10.0,87735.0,Diesel,Manual,770000
1.0,3996.0,Petrol,Automatic,601000
2.0,11295.0,Petrol,Manual,491000
7.0,23573.0,Petrol,Manual,643000
4.0,59046.0,Petrol,Automatic,974000
10.0,69425.0,Petrol,Manual,438000
10.0,82542.0,Petrol,Automatic,359000
13.0,104553.0,Petrol,Manual,338000
2.0,28971.0,Petrol,Automatic,1170000
7.0,30823.0,Petrol,Manual,338000
10.0,49599.0,Petrol,Manual,293000
6.0,79803.0,Diesel,Automatic,666000
1.0,8230.0,Petrol,Automatic,707000
10.0,64937.0,Diesel,Manual,598000
5.0,45725.0,Petrol,Manual,389000
9.0,80638.0,Petrol,Automatic,428000
8.0,24183.0,Petrol,Manual,528000
2.0,39627.0,Diesel,Manual,1910000
7.0,60620.0,Petrol,Manual,488000
2.0,30058.0,Petrol,Manual,1181000
4.0,32712.0,Petrol,Manual,1014000
8.0,68199.0,Petrol,Manual,602000
7.0,43129.0,Petrol,Manual,670000
2.0,14772.0,Petrol,Manual,950000
7.0,69760.0,Petrol,Manual,425000
8.0,97183.0,Petrol,Automatic,837000
3.0,29003.0,Petrol,Automatic,755000
3.0,17981.0,Petrol,Manual,1059000
2.0,13619.0,Petrol,Automatic,1225000
1.0,1343.0,Petrol,Automatic,602000
8.0,41208.0,Petrol,Manual,517000
7.0,22358.0,Petrol,Automatic,712000
9.0,59365.0,Petrol,Manual,352000
6.0,91312.0,Petrol,Manual,510000
5.0,28264.0,Petrol,Automatic,528000
6.0,69668.0,Diesel,Manual,974000
9.0,105373.0,Diesel,Manual,605000
3.0,19123.0,Petrol,Automatic,811000
5.0,35712.0,Diesel,Manual,1032000
7.0,37599.0,Petrol,Manual,467000
9.0,97889.0,Petrol,Manual,575000
13.0,70589.0,Petrol,Manual,240000
1.0,3136.0,Petrol,Automatic,544000
9.0,79684.0,Diesel,Automatic,452000
8.0,34800.0,Petrol,Manual,638000
8.0,49862.0,Petrol,Manual,511000
5.0,52278.0,Petrol,Automatic,514000
5.0,25138.0,Petrol,Manual,705000
7.0,95524.0,Diesel,Automatic,878000
5.0,73192.0,Petrol,Automatic,593000
8.0,71357.0,Petrol,Manual,646000
4.0,38494.0,Petrol,Automatic,477000
1.0,10526.0,Petrol,Automatic,777000
7.0,48247.0,Petrol,Manual,639000
7.0,74601.0,Petrol,Automatic,617000
3.0,25012.0,Petrol,Manual,870000
3.0,34267.0,Petrol,Manual,439000
7.0,47200.0,Petrol,Manual,531000
1.0,5990.0,Petrol,Automatic,1257000
4.0,2598.0,Petrol,Manual,372000
8.0,51729.0,Petrol,Automatic,454000
13.0,34408.0,Petrol,Manual,277000
2.0,43707.0,Diesel,Automatic,1698000
9.0,52643.0,Petrol,Automatic,404000
6.0,47928.0,Petrol,Manual,398000
12.0,143991.0,Petrol,Manual,269000
4.0,49985.0,Diesel,Automatic,794000
11.0,51980.0,Petrol,Manual,588000
3.0,25548.0,Petrol,Automatic,671000
7.0,40780.0,Petrol,Manual,507000
4.0,54681.0,Petrol,Automatic,918000
9.0,50784.0,Petrol,Manual,484000
8.0,92639.0,Petrol,Manual,538000
6.0,50334.0,Petrol,Automatic,697000
13.0,58637.0,Petrol,Manual,219000
3.0,20754.0,Petrol,Automatic,595000
12.0,87836.0,Petrol,Manual,458000
1.0,20332.0,Petrol,Manual,780000
11.0,61285.0,Petrol,Manual,384000
3.0,29584.0,Petrol,Automatic,539000
8.0,30478.0,Petrol,Manual,397000
9.0,60972.0,Petrol,Manual,421000
7.0,40475.0,Petrol,Automatic,1025000
8.0,38929.0,Petrol,Automatic,480000
5.0,51615.0,Petrol,Manual,544000
9.0,34717.0,Petrol,Manual,546000
8.0,55009.0,Petrol,Manual,508000
5.0,49968.0,Petrol,Automatic,848000
7.0,34496.0,Petrol,Manual,491000
11.0,55303.0,Petrol,Manual,323000
5.0,21881.0,Petrol,Automatic,964000
8.0,29309.0,Petrol,Manual,440000
9.0,47369.0,Petrol,Automatic,480000
8.0,37075.0,Petrol,Manual,666000
5.0,44848.0,Petrol,Manual,395000
7.0,55733.0,Petrol,Manual,576000
7.0,57103.0,Petrol,Manual,663000
2.0,11911.0,Petrol,Automatic,1173000
3.0,27903.0,Diesel,Automatic,1270000
3.0,14078.0,Petrol,Automatic,512000
2.0,11338.0,Petrol,Manual,1190000
4.0,18350.0,Petrol,Automatic,432000
12.0,115572.0,Diesel,Manual,350000
2.0,15749.0,Petrol,Manual,1158000
4.0,21196.0,Petrol,Manual,433000
5.0,43255.0,Petrol,Manual,459000
6.0,24368.0,Petrol,Automatic,694000
2.0,23020.0,Petrol,Manual,1590000
9.0,55600.0,Petrol,Automatic,564000
6.0,35370.0,Petrol,Automatic,516000
9.0,70281.0,Petrol,Manual,379000
8.0,62447.0,Petrol,Automatic,436000
6.0,11853.0,Petrol,Manual,594000
2.0,13847.0,Petrol,Manual,476000
3.0,38811.0,Diesel,Manual,1066000
11.0,103965.0,Petrol,Manual,447000
2.0,8827.0,Petrol,Manual,1637000
7.0,21454.0,Petrol,Manual,367000
8.0,74972.0,Petrol,Manual,467000
7.0,84182.0,Petrol,Automatic,418000
4.0,33714.0,Petrol,Automatic,1075000
8.0,62383.0,Petrol,Automatic,437000
5.0,16416.0,Petrol,Automatic,574000
6.0,31709.0,Petrol,Manual,553000
4.0,31141.0,Petrol,Manual,1064000
5.0,34361.0,Petrol,Automatic,679000
7.0,35894.0,Petrol,Automatic,492000
9.0,30728.0,Petrol,Manual,574000
3.0,29878.0,Petrol,Manual,379000
7.0,16333.0,Petrol,Automatic,409000
3.0,21104.0,Petrol,Automatic,557000
6.0,67919.0,Diesel,Automatic,1253000
2.0,5146.0,Petrol,Automatic,716000
8.0,39987.0,Petrol,Automatic,442000
8.0,70208.0,Petrol,Manual,372000
9.0,66341.0,Petrol,Manual,538000
3.0,26841.0,Petrol,Manual,1032000
2.0,9426.0,Petrol,Manual,765000
10.0,65685.0,Petrol,Manual,387000
9.0,83630.0,Petrol,Automatic,599000
13.0,72673.0,Diesel,Manual,357000
8.0,54309.0,Petrol,Manual,820000
7.0,53944.0,Petrol,Manual,416000
6.0,29232.0,Diesel,Manual,851000
4.0,59594.0,Diesel,Automatic,1535000
6.0,81961.0,Petrol,Manual,657000
2.0,20460.0,Petrol,Manual,1519000
2.0,7749.0,Petrol,Manual,1429000
11.0,68381.0,Diesel,Manual,531000
5.0,29077.0,Petrol,Automatic,1472000
2.0,20581.0,Petrol,Manual,1544000
10.0,44535.0,Petrol,Automatic,372000
12.0,104807.0,Petrol,Manual,348000
6.0,19437.0,Petrol,Manual,646000
6.0,4893.0,Petrol,Manual,558000
7.0,67872.0,Petrol,Manual,397000
2.0,35860.0,Petrol,Automatic,665000
11.0,101262.0,Petrol,Manual,433000
10.0,10558.0,Petrol,Automatic,397000
9.0,74945.0,Petrol,Manual,453000
2.0,16023.0,Petrol,Automatic,739000
10.0,63792.0,Petrol,Manual,263000
5.0,21955.0,Petrol,Automatic,676000
2.0,28064.0,Diesel,Automatic,1759000
1.0,7370.0,Petrol,Automatic,632000
10.0,71320.0,Petrol,Automatic,364000
6.0,19936.0,Petrol,Automatic,952000
4.0,54309.0,Petrol,Automatic,1076000
10.0,96242.0,Diesel,Manual,542000
11.0,46840.0,Petrol,Manual,245000
3.0,27578.0,Petrol,Manual,630000
6.0,52442.0,Petrol,Automatic,587000
2.0,66473.0,Petrol,Manual,1180000
4.0,80167.0,Petrol,Automatic,741000
8.0,54517.0,Petrol,Automatic,785000
7.0,78030.0,Petrol,Manual,787000
10.0,86694.0,Petrol,Manual,511000
4.0,40407.0,Petrol,Automatic,475000
9.0,54109.0,Diesel,Manual,491000
4.0,49439.0,Petrol,Manual,556000
2.0,34444.0,Petrol,Manual,1607000
4.0,38426.0,Petrol,Manual,754000
3.0,29384.0,Petrol,Automatic,543000
3.0,42031.0,Petrol,Automatic,1037000
2.0,66387.0,Petrol,Manual,743000
9.0,66669.0,Petrol,Manual,449000
11.0,59116.0,Petrol,Manual,336000
3.0,31935.0,Petrol,Automatic,835000
3.0,35983.0,Petrol,Automatic,988000
8.0,39283.0,Petrol,Manual,340000
4.0,27503.0,Petrol,Manual,614000
4.0,56236.0,CNG,Manual,483000
1.0,6593.0,Petrol,Manual,628000
7.0,41445.0,Petrol,Manual,463000
5.0,22789.0,Petrol,Manual,692000
3.0,38777.0,Petrol,Automatic,815000
11.0,41105.0,Petrol,Manual,412000
5.0,27402.0,Petrol,Manual,423000
8.0,82125.0,Petrol,Manual,407000
9.0,54321.0,Petrol,Manual,498000
2.0,19760.0,Petrol,Manual,549000
2.0,12911.0,Petrol,Automatic,1319000
4.0,32806.0,Petrol,Manual,736000
4.0,34499.0,Petrol,Manual,1341000
1.0,21597.0,Diesel,Manual,1596000
8.0,57922.0,Petrol,Manual,591000
2.0,9314.0,Petrol,Manual,439000
11.0,79159.0,Petrol,Automatic,401000
10.0,50222.0,Petrol,Automatic,385000
1.0,20220.0,Petrol,Manual,1096000
5.0,31029.0,Petrol,Manual,532000
3.0,29729.0,Petrol,Manual,672000
9.0,16847.0,Petrol,Manual,446000
6.0,46089.0,Petrol,Automatic,808000
6.0,73474.0,Petrol,Manual,832000
3.0,19893.0,Petrol,Manual,1127000
5.0,46693.0,Petrol,Manual,509000
5.0,64222.0,Petrol,Automatic,888000
2.0,12159.0,Petrol,Manual,1350000
6.0,49401.0,Petrol,Manual,650000
3.0,42363.0,Diesel,Automatic,1273000
3.0,13335.0,Petrol,Manual,830000
9.0,34170.0,Petrol,Manual,563000
9.0,59940.0,Petrol,Manual,374000
10.0,36717.0,Petrol,Manual,424000
7.0,56433.0,Petrol,Manual,573000
4.0,29736.0,Petrol,Manual,463000
2.0,7060.0,Petrol,Automatic,1250000
2.0,29039.0,Petrol,Automatic,913000
4.0,6273.0,Petrol,Automatic,735000
6.0,61146.0,Diesel,Manual,615000
6.0,16242.0,Petrol,Automatic,419000
10.0,94078.0,Diesel,Manual,539000
6.0,50013.0,Diesel,Manual,1303000
4.0,47174.0,Diesel,Manual,1064000
3.0,9867.0,Petrol,Automatic,817000
6.0,44614.0,Petrol,Manual,551000
3.0,22145.0,Petrol,Manual,1179000
11.0,97143.0,Petrol,Manual,332000
4.0,29275.0,Petrol,Automatic,1405000
5.0,33647.0,Diesel,Automatic,1126000
5.0,45717.0,Petrol,Automatic,730000
3.0,23592.0,Petrol,Manual,1010000
5.0,28869.0,Petrol,Automatic,1388000
9.0,47926.0,Petrol,Automatic,422000
6.0,31254.0,Petrol,Automatic,692000
5.0,86712.0,Petrol,Automatic,575000
1.0,14221.0,Petrol,Automatic,1311000
4.0,25709.0,Petrol,Manual,1022000
8.0,37728.0,Petrol,Automatic,727000
6.0,44678.0,Petrol,Automatic,482000
7.0,65553.0,Petrol,Manual,409000
3.0,25926.0,Petrol,Manual,1018000
6.0,34282.0,Petrol,Automatic,541000
3.0,20492.0,Petrol,Manual,1092000
7.0,91302.0,Petrol,Automatic,827000
12.0,78546.0,Diesel,Manual,609000
11.0,63790.0,Petrol,Automatic,496000
9.0,98010.0,Petrol,Manual,351000
7.0,42088.0,Petrol,Manual,850000
11.0,17366.0,Petrol,Manual,268000
3.0,8751.0,Petrol,Automatic,717000
5.0,53139.0,Petrol,Manual,681000
3.0,23204.0,Petrol,Automatic,1489000
6.0,18596.0,Petrol,Manual,353000
4.0,27426.0,Petrol,Automatic,967000
3.0,16893.0,Petrol,Automatic,810000
5.0,19573.0,Petrol,Automatic,434000
3.0,40099.0,Petrol,Automatic,1121000
7.0,50321.0,Petrol,Manual,822000
5.0,24933.0,Diesel,Manual,1098000
11.0,63551.0,Petrol,Manual,262000
11.0,44308.0,Petrol,Manual,465000
8.0,36785.0,Petrol,Manual,258000
12.0,58972.0,Petrol,Manual,311000
3.0,25206.0,Petrol,Manual,793000
1.0,24320.0,Petrol,Automatic,988000
3.0,36469.0,Petrol,Automatic,1349000
9.0,27764.0,Petrol,Automatic,240000
4.0,25078.0,Petrol,Manual,640000
7.0,42923.0,Petrol,Manual,954000
11.0,20462.0,Petrol,Manual,312000
2.0,33093.0,Petrol,Manual,586000
6.0,59693.0,Petrol,Manual,732000
4.0,17254.0,Petrol,Automatic,483000
6.0,64103.0,Petrol,Manual,348000
11.0,76584.0,Petrol,Manual,466000
1.0,25005.0,Diesel,Automatic,1376000
4.0,53700.0,Petrol,Automatic,652000
6.0,33992.0,Petrol,Automatic,430000
2.0,27660.0,Petrol,Manual,990000
9.0,22518.0,Petrol,Manual,336000
3.0,44329.0,Petrol,Manual,541000
6.0,75347.0,Petrol,Automatic,794000
2.0,21693.0,Petrol,Automatic,1631000
3.0,12766.0,Petrol,Automatic,1006000
6.0,72246.0,Petrol,Manual,685000
6.0,72076.0,Petrol,Manual,492000
4.0,23157.0,Petrol,Automatic,1571000
2.0,27983.0,Petrol,Manual,1054000
7.0,54360.0,Petrol,Manual,916000
5.0,92225.0,Petrol,Manual,1131000
4.0,23902.0,Petrol,Manual,727000
1.0,17985.0,Petrol,Manual,1419000
5.0,24558.0,Petrol,Automatic,487000
9.0,33371.0,Petrol,Manual,533000
9.0,9160.0,Petrol,Manual,536000
7.0,59454.0,Petrol,Manual,497000
3.0,30711.0,Petrol,Automatic,691000
5.0,33950.0,Petrol,Manual,676000
4.0,40140.0,Petrol,Manual,688000
11.0,67397.0,Petrol,Manual,395000
7.0,65693.0,Petrol,Manual,662000
3.0,13039.0,Petrol,Manual,788000
7.0,46508.0,Petrol,Automatic,475000
7.0,97769.0,Petrol,Manual,621000
11.0,28540.0,Petrol,Manual,431000
4.0,85112.0,Petrol,Manual,1202000
10.0,32015.0,Petrol,Manual,419000
7.0,27881.0,Petrol,Manual,428000
2.0,31563.0,Petrol,Automatic,1128000
4.0,25226.0,Petrol,Manual,1439000
6.0,24835.0,Petrol,Manual,607000
8.0,38364.0,Petrol,Manual,529000
2.0,15680.0,Petrol,Automatic,938000
5.0,29265.0,Petrol,Automatic,1467000
11.0,90273.0,Petrol,Manual,320000
2.0,15445.0,Petrol,Manual,463000
5.0,63876.0,Petrol,Automatic,1395000
2.0,20082.0,Petrol,Automatic,818000
3.0,42378.0,Petrol,Automatic,801000
7.0,60748.0,Petrol,Manual,752000
4.0,44412.0,Petrol,Manual,592000
8.0,96098.0,Petrol,Manual,549000
8.0,86925.0,Diesel,Manual,632000
6.0,30370.0,Petrol,Automatic,403000
7.0,27930.0,Petrol,Automatic,689000
10.0,51839.0,Petrol,Automatic,381000
10.0,86355.0,Petrol,Manual,393000
1.0,22505.0,Petrol,Manual,1190000
4.0,58156.0,Diesel,Manual,1044000
11.0,85375.0,Petrol,Manual,380000
6.0,71477.0,Petrol,Manual,816000
10.0,32335.0,Petrol,Manual,261000
7.0,43222.0,Petrol,Manual,628000
5.0,68709.0,Diesel,Automatic,1573000
7.0,67698.0,Petrol,Manual,340000
11.0,72053.0,Diesel,Manual,409000
3.0,44608.0,Petrol,Automatic,1441000
3.0,22493.0,Petrol,Manual,990000
3.0,28837.0,Petrol,Manual,767000
5.0,59917.0,Petrol,Automatic,684000
10.0,91854.0,Petrol,Manual,479000
7.0,74922.0,Petrol,Automatic,474000
6.0,55108.0,Petrol,Manual,693000
2.0,7783.0,Petrol,Manual,1400000
5.0,44304.0,Petrol,Automatic,629000
10.0,36353.0,Petrol,Automatic,372000
2.0,16062.0,Petrol,Manual,2005000
11.0,60903.0,Petrol,Manual,338000
4.0,22414.0,Petrol,Manual,426000
8.0,88563.0,Diesel,Manual,684000
9.0,48733.0,Petrol,Manual,336000
10.0,73196.0,Petrol,Automatic,543000
4.0,38996.0,Petrol,Manual,1430000
5.0,36673.0,Petrol,Automatic,751000
7.0,64080.0,Diesel,Manual,1169000
6.0,65952.0,Petrol,Manual,549000
9.0,46268.0,Petrol,Manual,308000
3.0,21215.0,Petrol,Manual,1186000
1.0,7630.0,Petrol,Automatic,969000
7.0,42284.0,Petrol,Manual,649000
7.0,44741.0,Petrol,Manual,319000
3.0,25091.0,Petrol,Automatic,1616000
9.0,72101.0,Petrol,Automatic,481000
9.0,83697.0,Petrol,Manual,301000
7.0,49262.0,Diesel,Manual,716000
9.0,64747.0,Petrol,Automatic,630000
2.0,23745.0,Petrol,Manual,1067000
6.0,60153.0,Petrol,Automatic,795000
10.0,73069.0,Petrol,Manual,443000
8.0,54544.0,Petrol,Manual,653000
9.0,63080.0,Petrol,Manual,319000
2.0,4960.0,Petrol,Manual,878000
10.0,49345.0,Petrol,Manual,373000
4.0,20780.0,Petrol,Manual,432000
7.0,57949.0,Petrol,Manual,708000
3.0,31529.0,Petrol,Automatic,1374000
4.0,74138.0,Petrol,Manual,1187000
1.0,14460.0,Petrol,Manual,760000
7.0,48364.0,Petrol,Manual,639000
7.0,61762.0,Petrol,Manual,722000
3.0,23400.0,Petrol,Manual,473000
7.0,22405.0,Petrol,Manual,660000
6.0,34410.0,Petrol,Manual,811000
3.0,14698.0,Petrol,Manual,795000
7.0,40095.0,Petrol,Manual,498000
5.0,24638.0,Petrol,Automatic,414000
2.0,13969.0,Petrol,Automatic,558000
10.0,50231.0,Petrol,Manual,343000
7.0,16481.0,Petrol,Manual,651000
5.0,26329.0,Petrol,Manual,611000
4.0,26517.0,Petrol,Manual,745000
3.0,44031.0,Petrol,Manual,1253000
8.0,18951.0,Petrol,Manual,604000
8.0,48004.0,Petrol,Automatic,543000
3.0,22580.0,Petrol,Automatic,1487000
8.0,85369.0,Petrol,Manual,534000
11.0,101157.0,Diesel,Manual,341000
11.0,76062.0,Petrol,Manual,448000
2.0,21141.0,Petrol,Manual,1037000
11.0,83166.0,Petrol,Manual,558000
11.0,69208.0,Petrol,Manual,451000
11.0,78896.0,Petrol,Manual,391000
2.0,20059.0,Petrol,Manual,647000
4.0,34396.0,Petrol,Manual,634000
10.0,92801.0,Petrol,Manual,379000
8.0,20323.0,Petrol,Automatic,345000
9.0,70091.0,Petrol,Manual,424000
7.0,49729.0,Petrol,Automatic,460000
9.0,72183.0,Petrol,Manual,281000
8.0,65970.0,Petrol,Manual,571000
9.0,73474.0,Petrol,Manual,438000
2.0,37952.0,Petrol,Automatic,1417000
3.0,36124.0,Petrol,Automatic,1030000
9.0,65310.0,Petrol,Manual,357000
3.0,19937.0,Petrol,Manual,1127000
4.0,14837.0,Petrol,Manual,428000
8.0,72507.0,Diesel,Manual,566000
4.0,42325.0,Petrol,Manual,404000
4.0,17346.0,Petrol,Automatic,683000
12.0,92281.0,Petrol,Manual,407000
2.0,16880.0,Petrol,Automatic,893000
3.0,46325.0,Petrol,Automatic,841000
10.0,76636.0,Petrol,Manual,269000
2.0,7542.0,Petrol,Automatic,757000
4.0,44705.0,Diesel,Manual,1350000
4.0,44412.0,Petrol,Manual,423000
7.0,73266.0,Petrol,Manual,445000
9.0,47394.0,Petrol,Manual,478000
3.0,22283.0,Petrol,Manual,865000
11.0,83065.0,Petrol,Manual,257000
6.0,35676.0,Petrol,Manual,717000
5.0,67534.0,Petrol,Automatic,705000
7.0,82006.0,Petrol,Automatic,576000
2.0,11651.0,Petrol,Manual,885000
10.0,62481.0,Diesel,Manual,620000
5.0,27398.0,Petrol,Automatic,527000
3.0,38700.0,Diesel,Automatic,1631000
6.0,60618.0,Petrol,Manual,561000
7.0,24847.0,Petrol,Manual,719000
8.0,55202.0,Diesel,Manual,412000
6.0,95562.0,Petrol,Manual,572000
7.0,24305.0,Petrol,Manual,719000
12.0,33214.0,Petrol,Manual,253000
10.0,75750.0,Petrol,Manual,466000
2.0,16221.0,Petrol,Automatic,902000
7.0,51952.0,Petrol,Automatic,505000
8.0,46833.0,Petrol,Manual,284000
5.0,34996.0,Petrol,Manual,925000
12.0,64557.0,Petrol,Manual,389000
11.0,75497.0,Petrol,Manual,354000
2.0,41209.0,Petrol,Manual,1041000
1.0,5703.0,Petrol,Automatic,1338000
7.0,21138.0,Petrol,Manual,341000
2.0,45399.0,Petrol,Manual,897000
8.0,72633.0,Petrol,Manual,563000
12.0,110307.0,Petrol,Automatic,372000
7.0,70058.0,Petrol,Automatic,803000
5.0,20269.0,Petrol,Manual,611000
7.0,57920.0,Petrol,Automatic,461000
11.0,98732.0,Petrol,Manual,339000
8.0,86301.0,Petrol,Manual,534000
5.0,62484.0,Petrol,Manual,653000
5.0,51792.0,Petrol,Manual,669000
4.0,30951.0,Petrol,Manual,1064000
3.0,9840.0,Petrol,Manual,722000
8.0,82571.0,Petrol,Manual,356000
10.0,73631.0,Petrol,Manual,355000
2.0,20447.0,Petrol,Manual,744000
12.0,116782.0,Petrol,Manual,379000
4.0,74928.0,Petrol,Manual,764000
2.0,9884.0,Petrol,Manual,1033000
7.0,105838.0,Petrol,Automatic,566000
6.0,52734.0,Petrol,Automatic,350000
2.0,8524.0,Petrol,Manual,641000
10.0,102555.0,Diesel,Manual,416000
8.0,60817.0,Petrol,Manual,859000
10.0,82065.0,Petrol,Manual,370000
5.0,33811.0,Petrol,Manual,483000
2.0,31035.0,Diesel,Manual,1100000
1.0,7757.0,Petrol,Automatic,969000
10.0,109589.0,Petrol,Manual,381000
7.0,68811.0,Petrol,Manual,905000
10.0,89332.0,Diesel,Manual,505000
9.0,26534.0,Petrol,Manual,434000
9.0,39773.0,Petrol,Manual,400000
5.0,49559.0,Diesel,Manual,1447000
6.0,15912.0,Petrol,Manual,877000
6.0,47693.0,Diesel,Manual,749000
4.0,41619.0,Petrol,Manual,791000
12.0,35444.0,Petrol,Manual,346000
3.0,39132.0,Diesel,Manual,1464000
11.0,55685.0,Petrol,Manual,305000
7.0,31072.0,Petrol,Manual,550000
3.0,9715.0,Petrol,Manual,1046000
8.0,79701.0,Diesel,Manual,662000
7.0,34743.0,Petrol,Manual,589000
12.0,123296.0,Diesel,Manual,401000
2.0,31940.0,Petrol,Automatic,1006000
10.0,40194.0,Petrol,Manual,436000
2.0,11009.0,Petrol,Automatic,1889000
4.0,70110.0,Petrol,Automatic,823000
2.0,39295.0,Petrol,Automatic,1483000
9.0,38523.0,Petrol,Automatic,374000
4.0,41269.0,Petrol,Manual,666000
9.0,57858.0,Diesel,Manual,787000
4.0,12098.0,Diesel,Manual,1699000
7.0,73371.0,Petrol,Automatic,626000
8.0,70756.0,Petrol,Manual,555000
9.0,86773.0,Diesel,Manual,761000
8.0,91417.0,Petrol,Automatic,552000
8.0,41022.0,Diesel,Automatic,761000
3.0,30449.0,Petrol,Manual,1038000
2.0,59304.0,Petrol,Manual,1037000
2.0,9928.0,Petrol,Automatic,1375000
1.0,10190.0,Petrol,Manual,966000
6.0,61288.0,Petrol,Automatic,866000
8.0,43855.0,Petrol,Automatic,430000
6.0,17268.0,Petrol,Automatic,478000
4.0,37548.0,Petrol,Manual,810000
8.0,14901.0,Petrol,Manual,298000
5.0,57859.0,Petrol,Automatic,1134000
4.0,30936.0,Petrol,Automatic,1455000
8.0,32979.0,Petrol,Automatic,539000
8.0,68602.0,Petrol,Manual,518000
6.0,83348.0,Petrol,Manual,526000
12.0,92396.0,Petrol,Manual,364000
12.0,73475.0,Diesel,Manual,378000
2.0,31256.0,Petrol,Manual,1551000
9.0,64338.0,Petrol,Manual,489000
9.0,64622.0,Petrol,Manual,504000
8.0,29721.0,Diesel,Manual,666000
10.0,90881.0,Diesel,Manual,672000
9.0,26320.0,Diesel,Manual,873000
9.0,29983.0,Petrol,Automatic,400000
8.0,34721.0,Petrol,Manual,682000
5.0,23998.0,Petrol,Manual,819000
11.0,67134.0,Petrol,Manual,340000
8.0,49938.0,Petrol,Automatic,663000
3.0,37246.0,Petrol,Automatic,1753000
9.0,78993.0,Petrol,Manual,567000
10.0,74783.0,Petrol,Automatic,482000
9.0,83531.0,Petrol,Manual,569000
4.0,68494.0,Petrol,Manual,633000
7.0,58025.0,Petrol,Manual,630000
4.0,64932.0,Petrol,Manual,1299000
10.0,101540.0,Petrol,Manual,468000
6.0,46324.0,Petrol,Automatic,650000
5.0,29056.0,Petrol,Manual,609000
5.0,25604.0,Petrol,Manual,390000
0.0,10441.0,Petrol,Automatic,1015000
3.0,18030.0,Petrol,Automatic,1018000
2.0,12150.0,Petrol,Automatic,1613000
2.0,37095.0,Diesel,Manual,1279000
10.0,54339.0,Petrol,Manual,435000
4.0,34099.0,Diesel,Manual,1390000
1.0,7136.0,Petrol,Automatic,1605000
3.0,49901.0,Petrol,Manual,681000
10.0,53582.0,Petrol,Manual,432000
2.0,19286.0,Petrol,Manual,566000
8.0,33128.0,Petrol,Manual,647000
1.0,9112.0,Petrol,Manual,841000
7.0,35892.0,Petrol,Manual,605000
11.0,55007.0,Petrol,Manual,423000
2.0,25794.0,Petrol,Manual,755000
11.0,19659.0,Petrol,Manual,230000
3.0,3841.0,Petrol,Manual,769000
6.0,15853.0,Petrol,Manual,738000
1.0,19946.0,Petrol,Automatic,1818000
8.0,82967.0,Petrol,Manual,540000
3.0,30309.0,Petrol,Manual,1043000
7.0,112062.0,Petrol,Automatic,582000
5.0,94669.0,Petrol,Automatic,741000
1.0,28842.0,Petrol,Manual,1233000
6.0,41772.0,Petrol,Automatic,490000
11.0,109035.0,Diesel,Manual,425000
2.0,35378.0,Petrol,Automatic,1084000
5.0,91942.0,Petrol,Manual,600000
5.0,79470.0,Diesel,Manual,1097000
8.0,76173.0,Diesel,Manual,762000
2.0,29358.0,Diesel,Manual,1789000
7.0,79690.0,Petrol,Manual,636000
8.0,77053.0,Petrol,Manual,538000
3.0,34663.0,Petrol,Manual,1147000
7.0,25847.0,Petrol,Manual,545000
5.0,29923.0,Petrol,Manual,780000
5.0,37615.0,Petrol,Manual,689000
5.0,74173.0,Petrol,Manual,615000
4.0,60856.0,Petrol,Manual,930000
4.0,32729.0,Petrol,Automatic,916000
6.0,37192.0,Petrol,Manual,418000
5.0,83716.0,Petrol,Manual,1093000
4.0,75042.0,Petrol,Manual,834000
5.0,52881.0,Petrol,Manual,428000
6.0,62129.0,Petrol,Automatic,653000
4.0,47544.0,Petrol,Manual,954000
5.0,31957.0,Petrol,Manual,728000
7.0,97807.0,Diesel,Manual,725000
8.0,89807.0,Petrol,Manual,564000
2.0,25787.0,Petrol,Automatic,578000
2.0,46791.0,Petrol,Automatic,1583000
5.0,73142.0,Petrol,Automatic,1271000
6.0,60017.0,Petrol,Manual,630000
3.0,53405.0,Petrol,Automatic,1492000
3.0,3760.0,Petrol,Automatic,630000
2.0,9601.0,Petrol,Automatic,575000
1.0,15262.0,Petrol,Automatic,565000
5.0,57667.0,Petrol,Manual,534000
6.0,35090.0,Petrol,Manual,535000
12.0,65530.0,Petrol,Manual,408000
9.0,82452.0,Petrol,Manual,449000
10.0,58622.0,Petrol,Manual,252000
6.0,91168.0,Diesel,Manual,399000
3.0,33387.0,Petrol,Manual,659000
4.0,57810.0,Petrol,Manual,475000
6.0,95181.0,Diesel,Manual,802000
9.0,38799.0,Petrol,Manual,579000
3.0,53293.0,Petrol,Manual,980000
12.0,62234.0,Diesel,Manual,342000
1.0,4607.0,Petrol,Manual,1237000
6.0,77986.0,Diesel,Manual,757000
5.0,68080.0,Diesel,Automatic,976000
7.0,56670.0,Petrol,Manual,593000
7.0,86495.0,Petrol,Automatic,444000
6.0,116854.0,Petrol,Manual,498000
13.0,81585.0,Petrol,Manual,185000
3.0,39678.0,Petrol,Manual,785000
5.0,61985.0,Petrol,Manual,814000
7.0,98274.0,Petrol,Manual,409000
1.0,22737.0,Petrol,Manual,1146000
2.0,48731.0,CNG,Manual,637000
6.0,88464.0,Petrol,Manual,534000
6.0,36860.0,Petrol,Manual,677000
6.0,55595.0,Petrol,Automatic,732000
7.0,72749.0,Petrol,Manual,388000
4.0,32661.0,Petrol,Manual,735000
8.0,31972.0,Petrol,Automatic,642000
2.0,39385.0,Petrol,Manual,400000
2.0,28466.0,Petrol,Automatic,833000
4.0,29835.0,Petrol,Automatic,1155000
12.0,42582.0,Petrol,Manual,288000
11.0,62540.0,Petrol,Manual,338000
4.0,9819.0,Petrol,Automatic,435000
6.0,63153.0,Petrol,Manual,477000
5.0,95660.0,Petrol,Manual,428000
7.0,91444.0,Petrol,Manual,562000
9.0,47890.0,Petrol,Automatic,407000
6.0,108870.0,Petrol,Manual,249000
7.0,47610.0,Petrol,Manual,239000
9.0,100902.0,Diesel,Manual,575000
3.0,46110.0,Petrol,Automatic,1535000
5.0,51288.0,Petrol,Manual,348000
7.0,96378.0,Petrol,Manual,256000
7.0,95453.0,Diesel,Automatic,609000
12.0,61467.0,Petrol,Manual,295000
3.0,36691.0,Petrol,Manual,1240000
13.0,89916.0,Petrol,Manual,259000
7.0,97106.0,Diesel,Manual,572000
4.0,63677.0,Petrol,Automatic,835000
7.0,63852.0,Petrol,Manual,528000
5.0,55918.0,Petrol,Automatic,623000
4.0,50172.0,Petrol,Manual,720000
3.0,52639.0,Petrol,Manual,824000
13.0,91664.0,Petrol,Manual,243000
8.0,55189.0,Petrol,Manual,400000
6.0,60679.0,Petrol,Manual,553000
4.0,61102.0,Petrol,Manual,624000
11.0,82552.0,Diesel,Manual,366000
3.0,17789.0,Petrol,Manual,475000
5.0,87192.0,Petrol,Automatic,1493000
4.0,40543.0,Diesel,Manual,810000
7.0,47179.0,Petrol,Manual,293000
12.0,71115.0,Petrol,Manual,306000
6.0,57215.0,Petrol,Manual,713000
6.0,68760.0,Petrol,Automatic,574000
5.0,39154.0,Petrol,Manual,550000
6.0,76836.0,Petrol,Automatic,622000
4.0,55007.0,Petrol,Automatic,1487000
10.0,98752.0,Diesel,Manual,514000
9.0,98048.0,Petrol,Manual,515000
4.0,65323.0,Petrol,Manual,669000
7.0,25980.0,Petrol,Manual,947000
10.0,59689.0,Petrol,Manual,242000
4.0,61979.0,Petrol,Manual,637000
7.0,101069.0,Diesel,Manual,629000
3.0,47778.0,Petrol,Manual,562000
10.0,76934.0,Petrol,Manual,333000
2.0,41145.0,Petrol,Automatic,1142000
9.0,35155.0,Petrol,Manual,405000
6.0,68971.0,Petrol,Automatic,435000
3.0,24914.0,Diesel,Automatic,1332000
6.0,99649.0,Petrol,Manual,415000
1.0,21464.0,Petrol,Automatic,845000
7.0,73900.0,Petrol,Manual,603000
7.0,92836.0,Petrol,Manual,385000
6.0,92102.0,Petrol,Manual,370000
5.0,54895.0,Petrol,Manual,731000
7.0,123133.0,Petrol,Manual,630000
10.0,62067.0,Petrol,Manual,416000
10.0,98941.0,Petrol,Manual,476000
7.0,89966.0,Petrol,Automatic,669000
8.0,81183.0,Petrol,Manual,429000
2.0,19141.0,Petrol,Manual,1565000
6.0,98990.0,Petrol,Manual,756000
2.0,52707.0,Petrol,Automatic,706000
3.0,45381.0,Petrol,Manual,358000
9.0,90513.0,Diesel,Manual,529000
4.0,19391.0,Petrol,Automatic,603000
6.0,100516.0,Diesel,Automatic,617000
5.0,20490.0,Petrol,Manual,695000
8.0,38120.0,Petrol,Manual,606000
8.0,77521.0,Petrol,Manual,573000
9.0,95906.0,Diesel,Manual,525000
5.0,37073.0,Petrol,Manual,1179000
2.0,19562.0,Petrol,Automatic,1447000
6.0,14268.0,Petrol,Automatic,494000
8.0,43699.0,Petrol,Manual,305000
5.0,73813.0,Petrol,Manual,629000
7.0,92148.0,Petrol,Manual,863000
7.0,59005.0,Petrol,Manual,512000
10.0,97126.0,Petrol,Manual,327000
7.0,38401.0,Petrol,Manual,519000
3.0,57375.0,Petrol,Manual,820000
1.0,27320.0,Petrol,Automatic,1071000
2.0,37286.0,Petrol,Automatic,761000
4.0,67047.0,Petrol,Manual,489000
7.0,103070.0,Diesel,Manual,852000
5.0,34598.0,Petrol,Manual,1125000
5.0,66791.0,Petrol,Automatic,454000
8.0,93571.0,Diesel,Automatic,621000
4.0,49158.0,Petrol,Manual,668000
6.0,95683.0,Petrol,Manual,661000
7.0,40354.0,Petrol,Manual,510000
4.0,27984.0,Petrol,Manual,341000
2.0,23327.0,Petrol,Manual,996000
4.0,61638.0,Petrol,Automatic,657000
7.0,106132.0,Petrol,Automatic,683000
4.0,94607.0,Diesel,Manual,1252000
3.0,44865.0,Petrol,Automatic,479000
3.0,24463.0,Petrol,Manual,367000
3.0,49950.0,Petrol,Automatic,764000
5.0,69332.0,Petrol,Manual,460000
7.0,95737.0,Petrol,Manual,553000
8.0,123588.0,Diesel,Manual,585000
4.0,51652.0,Petrol,Manual,885000
4.0,28358.0,Petrol,Manual,466000
5.0,24312.0,Petrol,Manual,505000
3.0,37326.0,Petrol,Automatic,1402000
5.0,47066.0,Petrol,Manual,326000
5.0,81413.0,Petrol,Manual,835000
5.0,95456.0,Petrol,Automatic,462000
7.0,85064.0,Petrol,Manual,431000
12.0,59097.0,Petrol,Manual,367000
3.0,42078.0,Petrol,Automatic,610000
11.0,37308.0,Petrol,Manual,311000
6.0,98119.0,Petrol,Manual,631000
3.0,52679.0,Petrol,Manual,533000
4.0,47616.0,Petrol,Automatic,545000
3.0,18842.0,Petrol,Manual,405000
6.0,73005.0,Petrol,Manual,588000
7.0,105815.0,Petrol,Manual,545000
5.0,72094.0,Petrol,Manual,800000
4.0,65743.0,Petrol,Manual,709000
5.0,71324.0,Petrol,Automatic,1441000
6.0,94745.0,Diesel,Automatic,658000
4.0,61765.0,Petrol,Manual,625000
11.0,36586.0,Petrol,Manual,300000
8.0,69973.0,Petrol,Automatic,381000
11.0,61406.0,Petrol,Manual,288000
7.0,70873.0,Petrol,Manual,450000
10.0,49024.0,Petrol,Manual,310000
4.0,80265.0,CNG,Manual,486000
13.0,72134.0,Petrol,Manual,183000
7.0,52180.0,Petrol,Automatic,926000
5.0,22849.0,Petrol,Manual,385000
7.0,53380.0,Petrol,Manual,535000
11.0,56184.0,Petrol,Manual,217000
2.0,32111.0,Petrol,Automatic,1113000
3.0,50026.0,Petrol,Automatic,1601000
5.0,72496.0,Petrol,Manual,439000
10.0,79520.0,Petrol,Manual,419000
7.0,77579.0,Petrol,Manual,408000
9.0,75112.0,Petrol,Automatic,382000
3.0,16677.0,Petrol,Automatic,1110000
7.0,46293.0,Petrol,Manual,293000
5.0,45619.0,Petrol,Manual,500000
11.0,54312.0,Petrol,Manual,295000
6.0,64157.0,Petrol,Automatic,406000
4.0,32142.0,Petrol,Automatic,767000
6.0,35643.0,Petrol,Manual,508000
5.0,33740.0,Petrol,Automatic,577000
5.0,31475.0,Petrol,Manual,314000
10.0,22765.0,Petrol,Manual,366000
6.0,97246.0,Petrol,Manual,394000
4.0,56283.0,Petrol,Automatic,1373000
9.0,95778.0,Diesel,Automatic,926000
5.0,60269.0,Petrol,Automatic,870000
5.0,87744.0,Petrol,Automatic,486000
5.0,52608.0,Petrol,Manual,450000
6.0,88132.0,Petrol,Automatic,758000
8.0,85292.0,Petrol,Automatic,317000
3.0,61526.0,Petrol,Automatic,1289000
7.0,72891.0,Petrol,Automatic,621000
5.0,58448.0,Petrol,Manual,657000
8.0,38659.0,Petrol,Manual,411000
6.0,44229.0,Petrol,Automatic,1135000
13.0,58156.0,Petrol,Manual,268000
2.0,22121.0,Petrol,Manual,1119000
5.0,41339.0,Petrol,Automatic,990000
7.0,64706.0,Petrol,Automatic,973000
8.0,87315.0,Petrol,Automatic,406000
7.0,113962.0,Petrol,Manual,671000
2.0,35918.0,Petrol,Automatic,1454000
4.0,30292.0,Petrol,Manual,351000
2.0,10612.0,Petrol,Manual,417000
3.0,40234.0,Petrol,Manual,1060000
3.0,24059.0,Petrol,Automatic,588000
3.0,37541.0,Petrol,Automatic,575000
4.0,72395.0,Petrol,Automatic,503000
3.0,26875.0,Petrol,Manual,425000
7.0,66341.0,Petrol,Manual,392000
10.0,95495.0,Petrol,Manual,384000
5.0,52328.0,Petrol,Automatic,500000
5.0,54466.0,Diesel,Automatic,951000
3.0,24019.0,Petrol,Automatic,1070000
4.0,13485.0,Petrol,Manual,344000
12.0,76750.0,Petrol,Manual,285000
11.0,48658.0,Petrol,Manual,219000
7.0,53241.0,Petrol,Automatic,480000
7.0,62172.0,Petrol,Manual,380000
4.0,50380.0,Petrol,Automatic,478000
7.0,96474.0,Petrol,Automatic,684000
11.0,51088.0,Petrol,Manual,297000
3.0,37842.0,Petrol,Automatic,1224000
13.0,75300.0,Petrol,Manual,246000
11.0,82163.0,Petrol,Automatic,373000
9.0,106313.0,Petrol,Automatic,437000
4.0,42479.0,Petrol,Manual,389000
6.0,79571.0,Petrol,Manual,816000
10.0,90073.0,Petrol,Manual,323000
4.0,85380.0,Petrol,Automatic,980000
4.0,77633.0,Petrol,Manual,488000
6.0,50723.0,Petrol,Automatic,700000
3.0,36582.0,Petrol,Manual,1554000
10.0,98335.0,Petrol,Automatic,343000
7.0,46927.0,Petrol,Automatic,706000
10.0,81987.0,Petrol,Manual,404000
8.0,93648.0,Petrol,Manual,515000
1.0,17447.0,Petrol,Automatic,612000
8.0,101404.0,Petrol,Manual,399000
6.0,76210.0,Petrol,Manual,394000
6.0,102564.0,Petrol,Manual,310000
7.0,63989.0,Petrol,Manual,271000
8.0,88733.0,Petrol,Manual,478000
4.0,52823.0,Petrol,Manual,504000
7.0,91922.0,Petrol,Manual,506000
4.0,35548.0,Petrol,Manual,718000
4.0,42064.0,Petrol,Manual,520000
9.0,101450.0,Diesel,Manual,405000
11.0,82657.0,Petrol,Manual,263000
2.0,9301.0,Petrol,Automatic,561000
3.0,57002.0,Petrol,Automatic,960000
10.0,69455.0,Petrol,Manual,318000
4.0,48833.0,Petrol,Manual,479000
5.0,84977.0,Diesel,Manual,685000
7.0,72308.0,Petrol,Automatic,449000
10.0,76186.0,Petrol,Manual,319000
4.0,48844.0,Petrol,Automatic,570000
10.0,98723.0,Petrol,Manual,306000
7.0,76079.0,Petrol,Manual,445000
2.0,26385.0,Petrol,Manual,397000
5.0,86242.0,Petrol,Automatic,718000
1.0,29652.0,Petrol,Manual,445000
6.0,78023.0,Petrol,Manual,539000
5.0,98097.0,Petrol,Manual,1030000
2.0,21993.0,Petrol,Manual,1052000
9.0,94782.0,Petrol,Manual,561000
7.0,79181.0,Petrol,Automatic,759000
5.0,12049.0,Petrol,Manual,413000
8.0,83097.0,Petrol,Manual,216000
2.0,31283.0,Petrol,Manual,823000
11.0,98718.0,Diesel,Manual,317000
8.0,48333.0,Petrol,Manual,381000
1.0,18693.0,Petrol,Manual,1146000
6.0,113894.0,Diesel,Manual,824000
4.0,53893.0,Petrol,Manual,1160000
2.0,31317.0,Diesel,Automatic,1764000
7.0,88190.0,Diesel,Manual,708000
12.0,72470.0,Petrol,Manual,261000
7.0,75759.0,Petrol,Automatic,975000
9.0,30137.0,Petrol,Manual,360000
1.0,8023.0,Petrol,Automatic,559000
2.0,19886.0,Petrol,Manual,424000
2.0,4159.0,Petrol,Automatic,575000
7.0,84231.0,Petrol,Automatic,759000
3.0,45065.0,Petrol,Manual,702000
3.0,59716.0,Diesel,Manual,1466000
5.0,28275.0,Petrol,Manual,717000
5.0,37617.0,Petrol,Manual,683000
5.0,76074.0,Diesel,Manual,703000
3.0,60040.0,Petrol,Automatic,854000
6.0,75958.0,Petrol,Manual,437000
2.0,40544.0,Petrol,Manual,1132000
2.0,47913.0,Petrol,Manual,659000
6.0,79225.0,Petrol,Manual,637000
3.0,12287.0,Petrol,Automatic,1475000
6.0,52878.0,Petrol,Manual,532000
4.0,73577.0,Petrol,Manual,412000
11.0,69399.0,Diesel,Manual,431000
5.0,34527.0,Petrol,Automatic,638000
5.0,70948.0,Petrol,Automatic,666000
2.0,26217.0,Petrol,Automatic,1508000
5.0,90208.0,Petrol,Automatic,827000
9.0,97541.0,Petrol,Automatic,416000
3.0,50947.0,Petrol,Manual,674000
7.0,51984.0,Petrol,Manual,566000
2.0,11829.0,Petrol,Manual,1043000
5.0,46821.0,Petrol,Manual,657000
2.0,8351.0,Petrol,Manual,1004000
6.0,39232.0,Petrol,Automatic,693000
7.0,69538.0,Petrol,Manual,549000
2.0,42398.0,Diesel,Automatic,2261000
8.0,104003.0,Petrol,Manual,241000
2.0,18863.0,Petrol,Automatic,846000
8.0,31825.0,Petrol,Manual,319000
6.0,88421.0,Petrol,Manual,543000
6.0,61116.0,Petrol,Manual,565000
8.0,84675.0,Petrol,Automatic,584000
3.0,50284.0,Petrol,Automatic,684000
10.0,29243.0,Petrol,Manual,484000
4.0,61410.0,Petrol,Automatic,621000
2.0,18132.0,Petrol,Manual,1934000
3.0,52387.0,Petrol,Manual,1833000
7.0,50408.0,Petrol,Automatic,361000
3.0,48361.0,Petrol,Automatic,823000
7.0,36184.0,Diesel,Manual,823000
10.0,89851.0,Petrol,Manual,446000
9.0,75398.0,Petrol,Manual,442000
7.0,47427.0,Petrol,Manual,518000
1.0,17249.0,Petrol,Automatic,702000
2.0,35796.0,Petrol,Manual,1098000
3.0,53746.0,Petrol,Manual,801000
13.0,104025.0,Petrol,Automatic,343000
1.0,14590.0,Petrol,Automatic,1698000
7.0,118710.0,Diesel,Manual,698000
5.0,83105.0,Petrol,Manual,672000
8.0,34930.0,Petrol,Manual,439000
3.0,18179.0,Petrol,Automatic,1600000
8.0,69383.0,Petrol,Manual,457000
5.0,26825.0,Petrol,Manual,536000
3.0,39564.0,Petrol,Automatic,632000
2.0,31936.0,Petrol,Manual,531000
4.0,40530.0,Petrol,Manual,1136000
2.0,23526.0,Petrol,Manual,454000
2.0,21050.0,Diesel,Automatic,1803000
7.0,50621.0,Petrol,Manual,865000
2.0,41184.0,Petrol,Manual,707000
5.0,40179.0,Petrol,Automatic,673000
8.0,60581.0,Petrol,Manual,540000
4.0,23581.0,Petrol,Automatic,331000
1.0,14809.0,Petrol,Automatic,807000
5.0,9056.0,Petrol,Automatic,690000
7.0,40400.0,Petrol,Automatic,463000
5.0,45465.0,Petrol,Manual,437000
4.0,63314.0,CNG,Manual,570000
6.0,69791.0,Petrol,Manual,741000
8.0,46900.0,Petrol,Manual,268000
4.0,36868.0,Petrol,Automatic,724000
6.0,121249.0,Petrol,Manual,617000
2.0,25552.0,Diesel,Automatic,1136000
7.0,67158.0,Petrol,Automatic,584000
7.0,87637.0,Petrol,Manual,661000
2.0,11898.0,Petrol,Manual,593000
3.0,28728.0,Petrol,Manual,581000
7.0,31759.0,Petrol,Manual,627000
5.0,49836.0,Petrol,Automatic,319000
1.0,15833.0,Petrol,Automatic,780000
11.0,112381.0,Diesel,Manual,327000
1.0,3592.0,Petrol,Automatic,568000
6.0,64197.0,Petrol,Manual,772000
7.0,35592.0,Petrol,Automatic,344000
7.0,49184.0,Petrol,Manual,541000
3.0,52065.0,Petrol,Manual,763000
3.0,32102.0,Petrol,Manual,1055000
7.0,66871.0,Petrol,Manual,597000
3.0,25338.0,Petrol,Automatic,714000
7.0,66846.0,Petrol,Manual,428000
6.0,86032.0,Diesel,Automatic,716000
2.0,19255.0,Petrol,Manual,1306000
5.0,30447.0,Petrol,Automatic,503000
6.0,41120.0,Petrol,Automatic,482000
5.0,47691.0,Diesel,Manual,1127000
8.0,115751.0,Diesel,Manual,739000
3.0,76902.0,Petrol,Manual,936000
7.0,84881.0,Petrol,Manual,721000
6.0,23664.0,Petrol,Automatic,610000
3.0,15802.0,Petrol,Manual,1022000
11.0,66578.0,Petrol,Manual,286000
5.0,17543.0,Petrol,Automatic,329000
4.0,47168.0,Petrol,Manual,654000
10.0,107168.0,Petrol,Manual,382000
8.0,66434.0,Diesel,Manual,695000
3.0,35713.0,Petrol,Automatic,940000
3.0,51790.0,Petrol,Automatic,984000
7.0,85337.0,Petrol,Manual,525000
6.0,69521.0,Petrol,Automatic,798000
2.0,31604.0,Petrol,Automatic,2007000
7.0,42128.0,Diesel,Manual,746000
6.0,31822.0,Petrol,Manual,493000
2.0,30564.0,Petrol,Automatic,1503000
11.0,73764.0,Diesel,Manual,457000
2.0,40152.0,Petrol,Manual,460000
3.0,35136.0,Petrol,Manual,732000
7.0,77402.0,Petrol,Automatic,586000
4.0,43929.0,Petrol,Manual,903000
3.0,20277.0,Petrol,Manual,609000
7.0,30827.0,Petrol,Manual,292000
5.0,58956.0,Petrol,Automatic,515000
1.0,36373.0,Petrol,Manual,898000
4.0,37352.0,Petrol,Automatic,667000
3.0,44726.0,Diesel,Automatic,1927000
5.0,37326.0,Petrol,Manual,706000
9.0,72749.0,Petrol,Manual,575000
5.0,79535.0,Petrol,Manual,705000
6.0,50995.0,Petrol,Manual,719000
7.0,50090.0,Petrol,Automatic,404000
8.0,90601.0,Petrol,Manual,216000
6.0,88033.0,Petrol,Automatic,500000
5.0,53906.0,Petrol,Manual,410000
2.0,27299.0,Petrol,Manual,1107000
6.0,64805.0,Petrol,Manual,617000
5.0,94695.0,Petrol,Manual,849000
7.0,34719.0,Petrol,Manual,502000
7.0,72585.0,Petrol,Automatic,638000
7.0,65552.0,Petrol,Manual,710000
3.0,52544.0,Petrol,Manual,721000
11.0,99731.0,Petrol,Manual,398000
6.0,94673.0,Petrol,Manual,497000
7.0,99944.0,Petrol,Manual,277000
7.0,31654.0,Petrol,Automatic,569000
7.0,91883.0,Petrol,Manual,635000
2.0,19796.0,Petrol,Manual,621000
6.0,72465.0,Petrol,Automatic,589000
6.0,56765.0,Petrol,Automatic,394000
11.0,62384.0,Petrol,Manual,436000
8.0,74476.0,Petrol,Manual,460000
5.0,90094.0,Diesel,Manual,729000
10.0,30103.0,Petrol,Manual,250000
3.0,22352.0,Petrol,Manual,820000
6.0,60197.0,Petrol,Automatic,1154000
9.0,98881.0,Diesel,Manual,507000
4.0,53811.0,Petrol,Manual,706000
8.0,62667.0,Petrol,Automatic,405000
3.0,26837.0,Petrol,Manual,927000
3.0,56977.0,Petrol,Automatic,1482000
6.0,31454.0,Petrol,Manual,596000
4.0,65237.0,Petrol,Manual,725000
5.0,15758.0,Petrol,Automatic,384000
5.0,44130.0,Petrol,Manual,629000
6.0,63755.0,Petrol,Manual,615000
1.0,25037.0,Petrol,Manual,820000
4.0,24093.0,Petrol,Manual,756000
5.0,11183.0,Petrol,Automatic,816000
8.0,31602.0,Petrol,Manual,319000
2.0,20719.0,Petrol,Manual,898000
7.0,69020.0,Petrol,Manual,511000
4.0,38652.0,Diesel,Manual,1548000
1.0,13861.0,Petrol,Manual,805000
2.0,43093.0,Petrol,Manual,796000
4.0,41131.0,Petrol,Manual,402000
3.0,50721.0,Petrol,Automatic,1430000
3.0,48799.0,Diesel,Manual,1270000
3.0,56714.0,Petrol,Manual,717000
6.0,71503.0,Petrol,Manual,637000
11.0,32902.0,Petrol,Automatic,415000
12.0,119088.0,Diesel,Manual,387000
3.0,25449.0,Petrol,Manual,817000
7.0,71416.0,Petrol,Manual,480000
2.0,37140.0,Diesel,Manual,1250000
7.0,45551.0,Petrol,Manual,562000
6.0,18827.0,Petrol,Automatic,459000
3.0,37608.0,Petrol,Manual,763000
3.0,16759.0,Petrol,Manual,448000
4.0,75112.0,Petrol,Manual,656000
2.0,39207.0,Petrol,Manual,494000
4.0,39717.0,Petrol,Manual,574000
5.0,88987.0,CNG,Manual,542000
4.0,31131.0,Petrol,Manual,884000
3.0,33090.0,Petrol,Manual,777000
6.0,90874.0,Petrol,Automatic,461000
7.0,51033.0,Petrol,Manual,325000
3.0,23262.0,Petrol,Manual,702000
7.0,59527.0,Diesel,Manual,1190000
2.0,56295.0,Petrol,Automatic,1099000
7.0,108064.0,Diesel,Manual,593000
11.0,49551.0,Petrol,Manual,219000
3.0,46568.0,Petrol,Manual,731000
7.0,52488.0,Petrol,Manual,492000
6.0,72273.0,Diesel,Manual,594000
3.0,45586.0,Petrol,Manual,690000
3.0,68282.0,Petrol,Automatic,966000
1.0,12891.0,Petrol,Manual,1146000
4.0,44067.0,Petrol,Manual,791000
7.0,77742.0,Diesel,Automatic,612000
6.0,82830.0,Petrol,Manual,288000
4.0,41774.0,Petrol,Automatic,681000
3.0,55645.0,Diesel,Manual,1393000
4.0,71170.0,Diesel,Manual,1216000
1.0,10718.0,Petrol,Manual,950000
8.0,34898.0,Petrol,Manual,449000
5.0,36514.0,Petrol,Automatic,1171000
4.0,26720.0,Petrol,Automatic,1469000
6.0,75822.0,Petrol,Manual,297000
4.0,49257.0,Petrol,Automatic,1400000
2.0,36608.0,Petrol,Manual,774000
1.0,35595.0,Petrol,Manual,605000
5.0,36262.0,Petrol,Manual,663000
12.0,62569.0,Petrol,Manual,252000
9.0,77723.0,Petrol,Manual,441000
3.0,62189.0,Petrol,Manual,672000
7.0,44678.0,Petrol,Manual,560000
5.0,62238.0,Petrol,Automatic,1306000
6.0,39066.0,Petrol,Automatic,571000
5.0,60043.0,Petrol,Manual,629000
10.0,88746.0,Diesel,Manual,491000
4.0,51506.0,Petrol,Manual,868000
7.0,34204.0,Petrol,Automatic,613000
9.0,31169.0,Petrol,Manual,261000
6.0,37150.0,Petrol,Automatic,792000
1.0,4872.0,Petrol,Automatic,963000
2.0,41003.0,Petrol,Manual,650000
1.0,21510.0,Petrol,Manual,944000
3.0,45969.0,Petrol,Manual,941000
3.0,22735.0,Petrol,Manual,911000
7.0,32907.0,Petrol,Manual,291000
7.0,24452.0,Petrol,Manual,757000
5.0,63457.0,Petrol,Manual,837000
5.0,21458.0,Petrol,Manual,659000
6.0,47445.0,Petrol,Manual,526000
6.0,40340.0,Petrol,Manual,614000
5.0,83454.0,Petrol,Automatic,766000
7.0,56406.0,Petrol,Manual,507000
3.0,56036.0,Petrol,Automatic,1031000
6.0,86448.0,Diesel,Manual,644000
8.0,76286.0,Petrol,Manual,644000
9.0,66024.0,Petrol,Manual,382000
8.0,33423.0,Petrol,Manual,391000
2.0,23252.0,Petrol,Manual,1430000
11.0,64451.0,CNG,Manual,276000
3.0,27603.0,Petrol,Manual,632000
4.0,35415.0,Petrol,Manual,953000
5.0,57103.0,Diesel,Manual,1237000
10.0,34473.0,Petrol,Manual,525000
1.0,21398.0,Petrol,Manual,1161000
2.0,28326.0,Diesel,Manual,1197000
7.0,94021.0,Petrol,Manual,491000
2.0,8330.0,Petrol,Automatic,865000
4.0,25298.0,CNG,Manual,532000
3.0,24125.0,Petrol,Manual,869000
2.0,55853.0,Petrol,Automatic,631000
3.0,16202.0,Petrol,Manual,810000
6.0,29442.0,Petrol,Automatic,623000
6.0,29156.0,Petrol,Manual,646000
8.0,72213.0,Diesel,Manual,727000
7.0,74579.0,Petrol,Manual,488000
7.0,36479.0,Petrol,Manual,634000
2.0,5448.0,Petrol,Manual,793000
5.0,44280.0,Diesel,Automatic,699000
3.0,16808.0,Petrol,Automatic,686000
8.0,42692.0,Petrol,Automatic,391000
5.0,36504.0,Petrol,Manual,517000
3.0,13005.0,Petrol,Automatic,631000
2.0,16366.0,Petrol,Automatic,686000
5.0,47015.0,Petrol,Automatic,1008000
6.0,76787.0,Petrol,Automatic,457000
2.0,18859.0,Petrol,Manual,1106000
3.0,26550.0,Petrol,Automatic,612000
3.0,15020.0,Petrol,Manual,936000
9.0,52646.0,CNG,Manual,353000
4.0,75525.0,Diesel,Automatic,936000
3.0,16372.0,Petrol,Manual,924000
7.0,107722.0,Diesel,Manual,521000
7.0,46031.0,Petrol,Automatic,558000
6.0,15600.0,Petrol,Automatic,674000
2.0,28720.0,Petrol,Automatic,636000
5.0,34651.0,Petrol,Manual,483000
3.0,26213.0,Petrol,Automatic,1015000
7.0,113853.0,Petrol,Automatic,523000
1.0,3883.0,Petrol,Automatic,696000
6.0,59962.0,Petrol,Manual,648000
8.0,83626.0,Petrol,Automatic,854000
6.0,57363.0,Petrol,Automatic,741000
6.0,43340.0,Petrol,Automatic,619000
7.0,89378.0,Petrol,Manual,431000
5.0,54768.0,Petrol,Automatic,861000
5.0,40729.0,Petrol,Manual,433000
8.0,43408.0,Petrol,Manual,505000
10.0,92515.0,Petrol,Manual,376000
1.0,9870.0,Petrol,Automatic,907000
6.0,58121.0,Petrol,Manual,576000
6.0,90384.0,Petrol,Manual,388000
7.0,24700.0,Petrol,Automatic,457000
10.0,100662.0,Petrol,Manual,342000
10.0,31880.0,Petrol,Manual,206000
7.0,57368.0,Diesel,Manual,844000
8.0,12091.0,Petrol,Manual,484000
4.0,15160.0,Petrol,Manual,1044000
2.0,33160.0,Petrol,Manual,652000
7.0,75984.0,Petrol,Automatic,620000
8.0,36116.0,Petrol,Manual,426000
11.0,33244.0,Petrol,Manual,379000
3.0,46060.0,Petrol,Manual,528000
7.0,76356.0,CNG,Manual,285000
3.0,49409.0,Petrol,Automatic,1173000
8.0,45639.0,Petrol,Manual,643000
6.0,38122.0,Petrol,Automatic,361000
5.0,35436.0,CNG,Manual,495000
6.0,47710.0,Petrol,Manual,536000
8.0,90742.0,Petrol,Automatic,544000
4.0,46581.0,Petrol,Manual,385000
9.0,77631.0,Diesel,Manual,501000
2.0,15385.0,Petrol,Automatic,767000
1.0,9765.0,Petrol,Automatic,1642000
3.0,52153.0,Petrol,Manual,488000
10.0,96926.0,Petrol,Manual,332000
8.0,63698.0,CNG,Manual,527000
9.0,70825.0,Petrol,Automatic,516000
8.0,71757.0,Petrol,Manual,683000
7.0,33825.0,Petrol,Automatic,749000
11.0,43799.0,Petrol,Manual,314000
7.0,58664.0,Petrol,Manual,585000
9.0,54749.0,Petrol,Automatic,538000
8.0,79397.0,Petrol,Automatic,489000
6.0,48402.0,CNG,Manual,629000
3.0,30926.0,Petrol,Manual,753000
3.0,35517.0,Petrol,Automatic,658000
5.0,92561.0,Petrol,Manual,837000
10.0,29973.0,Petrol,Manual,388000
7.0,27702.0,Petrol,Manual,534000
7.0,22614.0,Petrol,Automatic,954000
6.0,44613.0,Petrol,Automatic,573000
4.0,46401.0,Diesel,Automatic,1349000
6.0,48716.0,Diesel,Automatic,1065000
5.0,56077.0,Petrol,Manual,373000
8.0,97692.0,Petrol,Automatic,399000
3.0,47127.0,Petrol,Manual,660000
6.0,75160.0,Diesel,Manual,565000
7.0,27882.0,Petrol,Manual,384000
10.0,99498.0,CNG,Manual,289000
2.0,11951.0,Petrol,Automatic,1388000
6.0,94586.0,Petrol,Manual,395000
11.0,41016.0,Petrol,Manual,499000
7.0,97787.0,Diesel,Manual,901000
2.0,42408.0,Diesel,Automatic,1922000
10.0,100116.0,Petrol,Manual,323000
5.0,34899.0,Petrol,Manual,817000
7.0,43358.0,Petrol,Manual,744000
9.0,22249.0,Petrol,Manual,292000
7.0,34196.0,Petrol,Manual,524000
4.0,29708.0,Petrol,Automatic,1006000
3.0,22827.0,Petrol,Automatic,1238000
5.0,11829.0,Petrol,Manual,443000
10.0,42022.0,Petrol,Manual,387000
8.0,99639.0,Petrol,Manual,454000
7.0,29835.0,Petrol,Manual,525000
3.0,49880.0,Petrol,Manual,782000
10.0,45962.0,Petrol,Automatic,476000
7.0,79682.0,CNG,Manual,395000
7.0,41858.0,Petrol,Manual,469000
8.0,53911.0,Petrol,Manual,607000
10.0,36391.0,Petrol,Manual,377000
6.0,30509.0,Petrol,Manual,783000
4.0,65672.0,Petrol,Automatic,1292000
10.0,119998.0,Diesel,Manual,567000
2.0,12384.0,Diesel,Manual,1912000
6.0,32749.0,CNG,Manual,452000
4.0,27473.0,Petrol,Manual,977000
6.0,47801.0,Petrol,Manual,707000
7.0,91079.0,Diesel,Manual,612000
3.0,48740.0,Petrol,Manual,1006000
9.0,55760.0,Petrol,Manual,282000
3.0,39046.0,Petrol,Automatic,671000
7.0,79659.0,Diesel,Manual,613000
7.0,53262.0,Petrol,Manual,513000
5.0,25760.0,Petrol,Automatic,1299000
12.0,61164.0,Petrol,Manual,294000
4.0,35115.0,Petrol,Automatic,1429000
3.0,16909.0,Petrol,Manual,731000
7.0,19523.0,Petrol,Automatic,475000
8.0,103116.0,Petrol,Manual,259000
3.0,48355.0,Petrol,Automatic,925000
4.0,33693.0,Petrol,Manual,907000
7.0,32899.0,Petrol,Automatic,707000
7.0,36090.0,Diesel,Automatic,1070000
3.0,34224.0,Petrol,Automatic,612000
6.0,93703.0,Petrol,Manual,640000
9.0,28048.0,Petrol,Manual,305000
10.0,52803.0,Petrol,Manual,354000
7.0,85662.0,Diesel,Automatic,995000
11.0,45304.0,Petrol,Manual,262000
7.0,56359.0,CNG,Manual,365000
2.0,29414.0,Diesel,Manual,1682000
13.0,51696.0,Petrol,Automatic,244000
8.0,49814.0,Petrol,Manual,439000
5.0,37211.0,Petrol,Automatic,1469000
7.0,56674.0,Petrol,Automatic,1012000
5.0,41704.0,Petrol,Automatic,912000
8.0,46613.0,Petrol,Manual,493000
7.0,23252.0,Petrol,Manual,700000
9.0,62018.0,Diesel,Manual,763000
6.0,20257.0,Petrol,Manual,466000
6.0,59417.0,Petrol,Manual,660000
3.0,31539.0,Diesel,Automatic,1822000
8.0,75181.0,Petrol,Automatic,609000
3.0,19689.0,Petrol,Automatic,1004000
4.0,23821.0,Petrol,Automatic,849000
5.0,113735.0,Petrol,Automatic,794000
5.0,70490.0,Petrol,Manual,838000
11.0,120107.0,Diesel,Manual,429000
5.0,22343.0,Petrol,Manual,518000
4.0,13350.0,Petrol,Automatic,647000
4.0,11670.0,Petrol,Manual,655000
6.0,22652.0,Petrol,Manual,668000
7.0,39827.0,Petrol,Manual,710000
11.0,75494.0,CNG,Manual,268000
3.0,10102.0,Petrol,Automatic,813000
5.0,21125.0,Petrol,Automatic,435000
5.0,73743.0,CNG,Manual,455000
2.0,18364.0,Petrol,Automatic,833000
10.0,32861.0,Petrol,Automatic,339000
5.0,60683.0,Diesel,Automatic,649000
5.0,24227.0,Petrol,Automatic,708000
10.0,98502.0,Petrol,Automatic,300000
12.0,35570.0,Petrol,Manual,225000
10.0,105898.0,CNG,Manual,291000
2.0,37152.0,Diesel,Automatic,1177000
2.0,20987.0,Petrol,Manual,569000
8.0,75313.0,Diesel,Manual,476000
10.0,81895.0,CNG,Manual,312000
7.0,78451.0,Petrol,Automatic,368000
7.0,33857.0,Petrol,Automatic,396000
7.0,30064.0,Petrol,Manual,503000
10.0,55106.0,Petrol,Manual,370000
7.0,22437.0,Petrol,Manual,708000
8.0,87471.0,Petrol,Automatic,810000
5.0,16497.0,Petrol,Manual,413000
3.0,48375.0,CNG,Manual,432000
8.0,73098.0,Petrol,Automatic,653000
8.0,50900.0,Petrol,Manual,507000
3.0,29638.0,Petrol,Automatic,865000
2.0,10206.0,Petrol,Automatic,785000
7.0,91126.0,Petrol,Automatic,831000
10.0,68981.0,Petrol,Manual,360000
6.0,86975.0,Petrol,Automatic,478000
2.0,13010.0,Petrol,Automatic,844000
2.0,16539.0,Diesel,Manual,973000
2.0,21570.0,CNG,Manual,722000
9.0,55946.0,Petrol,Manual,306000
3.0,33769.0,Petrol,Automatic,906000
7.0,93555.0,Petrol,Manual,669000
5.0,39531.0,Petrol,Automatic,682000
5.0,109255.0,CNG,Manual,450000
6.0,33970.0,Petrol,Automatic,776000
6.0,100986.0,Diesel,Manual,699000
10.0,95135.0,CNG,Manual,311000
5.0,21769.0,Petrol,Manual,725000
7.0,75175.0,Petrol,Manual,722000
5.0,56522.0,Petrol,Automatic,867000
3.0,41278.0,Petrol,Automatic,953000
10.0,42307.0,Petrol,Manual,303000
4.0,23825.0,Petrol,Manual,663000
3.0,17099.0,Petrol,Automatic,886000
5.0,56210.0,Petrol,Manual,640000
4.0,31214.0,Petrol,Automatic,843000
12.0,118765.0,Petrol,Manual,227000
7.0,49696.0,Petrol,Manual,583000
9.0,24126.0,Petrol,Manual,403000
3.0,16690.0,Petrol,Automatic,779000
10.0,62157.0,CNG,Manual,592000
11.0,42338.0,Petrol,Manual,315000
8.0,95851.0,Petrol,Manual,324000
3.0,26866.0,Petrol,Manual,334000
9.0,47367.0,Petrol,Manual,380000
8.0,96990.0,Diesel,Manual,563000
7.0,89856.0,Petrol,Automatic,563000
9.0,116660.0,Petrol,Manual,424000
2.0,18438.0,CNG,Manual,700000
5.0,23547.0,Petrol,Automatic,396000
7.0,73649.0,Diesel,Manual,545000
7.0,57012.0,CNG,Manual,363000
6.0,76127.0,Petrol,Manual,390000
6.0,18001.0,Petrol,Manual,740000
3.0,33728.0,Petrol,Automatic,1413000
8.0,52603.0,Petrol,Manual,424000
2.0,6992.0,Petrol,Manual,610000
3.0,8319.0,Petrol,Automatic,638000
7.0,57535.0,Petrol,Manual,468000
5.0,15891.0,Petrol,Automatic,793000
8.0,59119.0,Petrol,Automatic,605000
8.0,55599.0,Petrol,Manual,376000
7.0,101207.0,Petrol,Manual,665000
2.0,4980.0,Petrol,Automatic,865000
8.0,57500.0,Petrol,Automatic,747000
13.0,75479.0,Petrol,Manual,244000
7.0,25723.0,Petrol,Automatic,533000
6.0,28234.0,Petrol,Automatic,717000
3.0,31051.0,CNG,Manual,561000
9.0,12517.0,Petrol,Manual,207000
4.0,24485.0,Petrol,Manual,562000
4.0,12233.0,Petrol,Manual,465000
2.0,4145.0,Petrol,Automatic,622000
3.0,35095.0,CNG,Manual,587000
4.0,85633.0,Petrol,Automatic,914000
6.0,47491.0,Petrol,Automatic,833000
6.0,78127.0,CNG,Manual,478000
7.0,73885.0,Petrol,Manual,630000
12.0,48379.0,Petrol,Manual,223000
1.0,6914.0,CNG,Manual,864000
9.0,85279.0,Petrol,Manual,443000
5.0,22288.0,Petrol,Manual,706000
5.0,67667.0,CNG,Manual,478000
5.0,24918.0,Petrol,Manual,957000
9.0,26062.0,CNG,Manual,338000
6.0,59396.0,CNG,Manual,460000
7.0,38474.0,Petrol,Manual,659000
5.0,69326.0,Petrol,Automatic,984000
10.0,37099.0,Petrol,Manual,375000
9.0,104581.0,Petrol,Automatic,520000
8.0,88889.0,Petrol,Automatic,509000
8.0,25768.0,Petrol,Manual,310000
11.0,33170.0,Diesel,Manual,603000
7.0,49485.0,Petrol,Automatic,700000
6.0,50239.0,Petrol,Automatic,846000
8.0,39809.0,Petrol,Manual,477000
6.0,52400.0,Diesel,Automatic,827000
7.0,39594.0,Petrol,Manual,276000
5.0,37102.0,Petrol,Manual,588000
10.0,61351.0,Petrol,Manual,378000
4.0,73361.0,CNG,Manual,543000
6.0,81020.0,Diesel,Manual,754000
4.0,36460.0,Petrol,Manual,975000
7.0,35695.0,Petrol,Manual,680000
11.0,35446.0,Diesel,Manual,706000
10.0,26317.0,Petrol,Automatic,384000
10.0,69540.0,Petrol,Manual,302000
6.0,37871.0,Petrol,Automatic,986000
8.0,62798.0,Diesel,Manual,773000
3.0,60479.0,Petrol,Automatic,536000
8.0,35360.0,Petrol,Manual,472000
4.0,19761.0,Petrol,Manual,504000
9.0,37724.0,Petrol,Manual,392000
3.0,23937.0,Petrol,Manual,696000
11.0,51699.0,Petrol,Manual,484000
6.0,91832.0,Petrol,Automatic,379000
6.0,34853.0,Petrol,Automatic,624000
10.0,67703.0,CNG,Manual,589000
5.0,20018.0,CNG,Manual,482000
8.0,47586.0,Petrol,Automatic,680000
10.0,59353.0,Diesel,Manual,635000
10.0,106699.0,Diesel,Manual,510000
8.0,14023.0,CNG,Manual,382000
6.0,31149.0,Petrol,Manual,647000
2.0,13242.0,Petrol,Automatic,1591000
11.0,74113.0,Petrol,Manual,292000
7.0,29794.0,Petrol,Manual,554000
1.0,14548.0,CNG,Manual,743000
10.0,33991.0,Petrol,Manual,451000
13.0,87634.0,Petrol,Manual,202000
9.0,63172.0,Petrol,Manual,482000
10.0,50389.0,Petrol,Manual,465000
7.0,68911.0,Diesel,Automatic,1053000
11.0,7284.0,Petrol,Manual,262000
1.0,42764.0,Petrol,Automatic,753000
2.0,15111.0,Petrol,Manual,693000
4.0,47780.0,Petrol,Automatic,435000
7.0,28977.0,Petrol,Manual,414000
9.0,65326.0,Petrol,Manual,562000
8.0,99969.0,Diesel,Manual,579000
5.0,65011.0,Diesel,Automatic,868000
7.0,40290.0,Petrol,Manual,642000
8.0,86228.0,Petrol,Automatic,800000
6.0,21954.0,Petrol,Automatic,709000
10.0,18932.0,Petrol,Manual,223000
10.0,19223.0,Petrol,Manual,430000
9.0,44115.0,Petrol,Manual,438000
8.0,14243.0,Petrol,Manual,366000
8.0,82393.0,Diesel,Automatic,564000
10.0,86719.0,Petrol,Manual,344000
5.0,15788.0,Petrol,Automatic,699000
8.0,30978.0,Petrol,Manual,279000
7.0,42112.0,CNG,Manual,550000
9.0,78275.0,Petrol,Manual,415000
7.0,44130.0,Petrol,Manual,521000
7.0,45695.0,Petrol,Manual,424000
7.0,39367.0,Petrol,Automatic,683000
8.0,79561.0,Petrol,Manual,478000
8.0,86656.0,Diesel,Manual,684000
2.0,9241.0,Petrol,Automatic,984000
8.0,64122.0,Petrol,Automatic,562000
3.0,59872.0,Diesel,Automatic,1812000
7.0,82030.0,Diesel,Automatic,1015000
10.0,75163.0,Petrol,Manual,502000
7.0,33212.0,Petrol,Manual,498000
8.0,34231.0,Petrol,Manual,511000
7.0,50487.0,Petrol,Automatic,620000
1.0,3451.0,Petrol,Automatic,878000
10.0,45959.0,Petrol,Manual,381000
11.0,82365.0,Petrol,Manual,231000
9.0,53155.0,Petrol,Manual,381000
5.0,7115.0,Petrol,Manual,569000
7.0,59993.0,Petrol,Manual,703000
4.0,38440.0,CNG,Manual,539000
4.0,30925.0,Petrol,Automatic,953000
9.0,112672.0,Diesel,Automatic,778000
11.0,74497.0,Petrol,Manual,310000
1.0,1624.0,Petrol,Automatic,866000
2.0,23870.0,CNG,Manual,672000
3.0,41575.0,Petrol,Manual,706000
8.0,55584.0,Diesel,Manual,685000
10.0,55561.0,CNG,Manual,323000
10.0,54836.0,Petrol,Manual,445000
2.0,5990.0,Petrol,Manual,661000
1.0,7298.0,CNG,Manual,846000
2.0,18897.0,Petrol,Manual,660000
6.0,30401.0,Petrol,Manual,620000
5.0,13042.0,Petrol,Manual,357000
7.0,63020.0,Petrol,Automatic,789000
10.0,58302.0,Petrol,Manual,364000
1.0,13001.0,Petrol,Manual,731000
3.0,16602.0,Diesel,Manual,1639000
2.0,7044.0,Petrol,Manual,728000
2.0,30930.0,Petrol,Manual,820000
11.0,83625.0,Petrol,Manual,301000
2.0,2957.0,Petrol,Automatic,658000
6.0,17200.0,Petrol,Manual,564000
6.0,33560.0,Petrol,Automatic,960000
7.0,33834.0,Petrol,Automatic,449000
5.0,32604.0,Petrol,Automatic,456000
5.0,39565.0,Diesel,Automatic,926000
8.0,35129.0,Petrol,Manual,552000
2.0,19474.0,Petrol,Automatic,695000
2.0,13590.0,CNG,Manual,770000
12.0,50258.0,Petrol,Manual,220000
8.0,66176.0,Petrol,Automatic,492000
9.0,87071.0,CNG,Manual,339000
12.0,47251.0,CNG,Manual,242000
7.0,28684.0,Petrol,Manual,553000
11.0,28229.0,Petrol,Manual,407000
6.0,61233.0,CNG,Manual,463000
8.0,82952.0,Petrol,Manual,565000
6.0,82986.0,Petrol,Automatic,514000
2.0,12255.0,Petrol,Manual,457000
5.0,26678.0,Petrol,Manual,783000
7.0,55000.0,Petrol,Automatic,404000
2.0,933.0,CNG,Manual,719000
8.0,51759.0,Petrol,Manual,500000
8.0,114746.0,Petrol,Automatic,811000
6.0,57911.0,Petrol,Automatic,830000
2.0,29237.0,Petrol,Automatic,484000
2.0,26256.0,Petrol,Manual,782000
8.0,56587.0,Petrol,Manual,480000
9.0,40237.0,Petrol,Manual,477000
5.0,25644.0,Petrol,Manual,387000
12.0,45622.0,Petrol,Manual,352000
7.0,46792.0,Petrol,Automatic,748000
6.0,53073.0,Petrol,Manual,711000
7.0,35763.0,Petrol,Automatic,517000
10.0,93057.0,CNG,Manual,299000
1.0,26212.0,Petrol,Automatic,736000
5.0,28671.0,Petrol,Automatic,620000
4.0,20444.0,Petrol,Manual,835000
10.0,91701.0,Petrol,Manual,462000
11.0,36798.0,Petrol,Manual,365000
11.0,93025.0,CNG,Manual,549000
7.0,79661.0,Diesel,Manual,689000
9.0,20661.0,Petrol,Manual,411000
3.0,40433.0,Diesel,Manual,1600000
7.0,69053.0,CNG,Manual,415000
9.0,100498.0,CNG,Manual,323000
7.0,20710.0,Petrol,Manual,508000
2.0,16257.0,Petrol,Automatic,712000
2.0,1848.0,Petrol,Manual,665000
3.0,21051.0,Petrol,Automatic,1451000
9.0,23636.0,Petrol,Manual,336000
8.0,50281.0,Diesel,Manual,653000
7.0,14214.0,Petrol,Automatic,419000
2.0,19754.0,Petrol,Manual,472000
10.0,77087.0,Petrol,Manual,375000
10.0,38925.0,CNG,Manual,388000
1.0,8333.0,Petrol,Manual,491000
6.0,5350.0,Petrol,Manual,308000
7.0,41426.0,Petrol,Manual,383000
8.0,45310.0,Petrol,Manual,246000
6.0,16221.0,Petrol,Automatic,536000
2.0,24017.0,Petrol,Automatic,811000
3.0,23905.0,Petrol,Automatic,956000
4.0,28537.0,Petrol,Manual,434000
9.0,39861.0,Petrol,Manual,483000
10.0,25381.0,Petrol,Automatic,412000
3.0,13677.0,Petrol,Manual,416000
3.0,30216.0,Petrol,Manual,1043000
4.0,46378.0,Diesel,Manual,763000
9.0,73405.0,Diesel,Manual,537000
5.0,74204.0,CNG,Manual,453000
6.0,39026.0,Petrol,Manual,521000
7.0,111291.0,Petrol,Automatic,349000
11.0,70912.0,Petrol,Manual,381000
5.0,19994.0,Petrol,Manual,569000
4.0,12891.0,Petrol,Manual,686000
4.0,58857.0,Petrol,Manual,886000
5.0,89225.0,Diesel,Manual,1033000
7.0,88465.0,Petrol,Manual,522000
2.0,21135.0,Petrol,Manual,718000
11.0,30164.0,Petrol,Manual,358000
9.0,33805.0,Petrol,Manual,365000
3.0,38890.0,CNG,Manual,587000
1.0,32447.0,CNG,Manual,1199000
6.0,85928.0,Petrol,Manual,583000
1.0,3886.0,CNG,Manual,776000
7.0,36529.0,Petrol,Manual,562000
9.0,76643.0,Petrol,Manual,606000
9.0,40435.0,Diesel,Manual,686000
7.0,30322.0,Petrol,Manual,314000
6.0,48605.0,CNG,Manual,374000
6.0,86337.0,Petrol,Automatic,252000
4.0,56042.0,Petrol,Automatic,598000
7.0,19288.0,Petrol,Manual,523000
10.0,53120.0,Petrol,Manual,357000
6.0,50896.0,Petrol,Manual,817000
9.0,34288.0,Petrol,Automatic,468000
9.0,18779.0,Petrol,Manual,609000
6.0,87820.0,Diesel,Manual,592000
6.0,21643.0,Petrol,Manual,572000
1.0,1958.0,Petrol,Manual,582000
6.0,65205.0,Petrol,Manual,665000
8.0,90267.0,CNG,Manual,377000
9.0,16624.0,Petrol,Manual,325000
11.0,42124.0,Petrol,Manual,291000
7.0,86674.0,Diesel,Automatic,537000
3.0,45799.0,Petrol,Automatic,919000
2.0,11260.0,Petrol,Manual,452000
5.0,25824.0,Petrol,Manual,476000
10.0,32064.0,Petrol,Manual,286000
5.0,70985.0,Petrol,Manual,640000
9.0,51812.0,Petrol,Manual,343000
9.0,22169.0,Petrol,Manual,471000
2.0,18108.0,Petrol,Manual,929000
4.0,29713.0,Petrol,Manual,662000
10.0,53804.0,Petrol,Automatic,322000
8.0,84833.0,Petrol,Manual,413000
1.0,12971.0,Petrol,Automatic,1096000
5.0,21569.0,Petrol,Automatic,1158000
7.0,55662.0,Petrol,Automatic,471000
8.0,44459.0,Diesel,Automatic,641000
10.0,122817.0,CNG,Manual,275000
6.0,15849.0,Petrol,Manual,478000
0.0,11540.0,Petrol,Automatic,1399000
9.0,32750.0,Petrol,Manual,490000
3.0,15831.0,Petrol,Automatic,831000
5.0,56370.0,Petrol,Automatic,396000
7.0,80035.0,Petrol,Automatic,428000
11.0,96363.0,Petrol,Manual,213000
6.0,46982.0,Petrol,Automatic,661000
9.0,38706.0,Petrol,Manual,412000
8.0,31405.0,Petrol,Manual,496000
7.0,47676.0,Petrol,Manual,509000
,,,,1883558000
